{
  "properties": {
    "connectionReferences": {
      "shared_commondataserviceforapps": {
        "api": {
          "name": "shared_commondataserviceforapps"
        },
        "connection": {
          "connectionReferenceLogicalName": "rdu_sharedcommondataserviceforapps_158f8"
        },
        "runtimeSource": "embedded"
      },
      "shared_excelonlinebusiness": {
        "api": {
          "name": "shared_excelonlinebusiness"
        },
        "connection": {
          "connectionReferenceLogicalName": "rdu_sharedexcelonlinebusiness_42360"
        },
        "runtimeSource": "invoker"
      }
    },
    "definition": {
      "$schema": "https://schema.management.azure.com/providers/Microsoft.Logic/schemas/2016-06-01/workflowdefinition.json#",
      "contentVersion": "1.0.0.0",
      "parameters": {
        "$authentication": {
          "defaultValue": {},
          "type": "SecureObject"
        },
        "$connections": {
          "defaultValue": {},
          "type": "Object"
        }
      },
      "triggers": {
        "manual": {
          "type": "Request",
          "kind": "Button",
          "inputs": {
            "schema": {
              "type": "object",
              "properties": {
                "text": {
                  "title": "My text",
                  "type": "string",
                  "x-ms-dynamically-added": true,
                  "description": "Please enter your input",
                  "x-ms-content-hint": "TEXT"
                }
              },
              "required": [
                "text"
              ]
            }
          },
          "metadata": {
            "operationMetadataId": "9b61dc07-15e8-4f8a-ac88-0f863d652e52"
          }
        }
      },
      "actions": {
        "Analyze_positive_or_negative_sentiment_in_text": {
          "type": "OpenApiConnection",
          "inputs": {
            "parameters": {
              "item/requestv2/language": "en",
              "item/requestv2/text": "@triggerBody()['text']"
            },
            "host": {
              "apiId": "/providers/Microsoft.PowerApps/apis/shared_commondataserviceforapps",
              "operationId": "aibuilderpredict_sentimentanalysis",
              "connectionName": "shared_commondataserviceforapps"
            }
          },
          "runAfter": {},
          "metadata": {
            "operationMetadataId": "1b019835-e531-47e9-9df9-a0e5bcdeea9a",
            "flowSystemMetadata": {
              "portalOperationApiDisplayNameOverride": "AI Builder",
              "portalOperationIconOverride": "https://content.powerapps.com/resource/makerx/static/pauto/images/designeroperations/aiBuilderNew.51dbdb6b.png",
              "portalOperationBrandColorOverride": "#0A76C4",
              "portalOperationApiTierOverride": "Standard"
            }
          }
        },
        "Add_a_row_into_a_table": {
          "type": "OpenApiConnection",
          "inputs": {
            "parameters": {
              "source": "me",
              "drive": "b!iGWMxFSaO0yikdGL4iYSoeVrsRTIw5ZHnsUJ_wG6_3DRngGQRBrySbqcidqw2LL9",
              "file": "01WAAGM6D5TZMG6KY5VBFIYU3ACYF76RGP",
              "table": "{90F4E3F3-2AEB-456A-8204-EBEA5B103F05}",
              "item/Sentiment": "@outputs('Analyze_positive_or_negative_sentiment_in_text')?['body/responsev2/predictionOutput/result/sentiment']",
              "item/Original text": "@triggerBody()?['text']"
            },
            "host": {
              "apiId": "/providers/Microsoft.PowerApps/apis/shared_excelonlinebusiness",
              "operationId": "AddRowV2",
              "connectionName": "shared_excelonlinebusiness"
            }
          },
          "runAfter": {
            "Analyze_positive_or_negative_sentiment_in_text": [
              "SUCCEEDED"
            ]
          },
          "metadata": {
            "01WAAGM6D5TZMG6KY5VBFIYU3ACYF76RGP": "/PowerAutomateTraining/AIBuilderSentimentOutcome.xlsx"
          }
        }
      }
    },
    "templateName": null
  },
  "schemaVersion": "1.0.0.0"
}