{"name":"72d0ff9d-8a48-4ca2-bb85-fd661f915a6c","id":"/providers/Microsoft.Flow/flows/72d0ff9d-8a48-4ca2-bb85-fd661f915a6c","type":"Microsoft.Flow/flows","properties":{"apiId":"/providers/Microsoft.PowerApps/apis/shared_logicflows","displayName":"004_AprovalWorkflow","definition":{"metadata":{"workflowEntityId":null,"processAdvisorMetadata":null,"flowChargedByPaygo":null,"flowclientsuspensionreason":"None","flowclientsuspensiontime":null,"flowclientsuspensionreasondetails":null,"creator":{"id":"d2947b98-cca2-45d2-a50f-81d6abec3a8b","type":"User","tenantId":"4ae9c97c-d931-4a4c-8ceb-a0fca15da4ec"},"provisioningMethod":"FromDefinition","failureAlertSubscription":true,"clientLastModifiedTime":"2024-12-16T19:20:03.6160556Z","connectionKeySavedTimeKey":"2024-12-16T19:20:03.6160556Z"},"$schema":"https://schema.management.azure.com/providers/Microsoft.Logic/schemas/2016-06-01/workflowdefinition.json#","contentVersion":"1.0.0.0","parameters":{"$authentication":{"defaultValue":{},"type":"SecureObject"},"$connections":{"defaultValue":{},"type":"Object"}},"triggers":{"When_a_file_is_created_(properties_only)":{"recurrence":{"frequency":"Minute","interval":1,"startTime":null,"timeZone":null},"splitOn":"@triggerOutputs()?['body/value']","type":"OpenApiConnection","inputs":{"parameters":{"dataset":"https://xpluspl.sharepoint.com/sites/dio","table":"6046f1ea-8369-49f7-9508-6c50519e9d6e","folderPath":"/tutorial_rdu_approvals"},"host":{"apiId":"/providers/Microsoft.PowerApps/apis/shared_sharepointonline","connectionName":"shared_sharepointonline","operationId":"GetOnNewFileItems"},"authentication":"@parameters('$authentication')"}}},"actions":{"Start_and_wait_for_an_approval":{"runAfter":{},"type":"OpenApiConnectionWebhook","inputs":{"parameters":{"approvalType":"Basic","WebhookApprovalCreationInput/title":"Document Approval","WebhookApprovalCreationInput/assignedTo":"rafal.dudzinski@xplusglobal.com","WebhookApprovalCreationInput/itemLink":"@triggerBody()?['{Link}']","WebhookApprovalCreationInput/itemLinkDescription":"@triggerOutputs()?['body/{FilenameWithExtension}']"},"host":{"apiId":"/providers/Microsoft.PowerApps/apis/shared_approvals","connectionName":"shared_approvals","operationId":"StartAndWaitForAnApproval"},"authentication":"@parameters('$authentication')"}},"Condition":{"actions":{},"runAfter":{"Start_and_wait_for_an_approval":["Succeeded"]},"else":{"actions":{"Move_file":{"type":"OpenApiConnection","inputs":{"parameters":{"dataset":"https://xpluspl.sharepoint.com/sites/dio","parameters/sourceFileId":"@triggerBody()?['{Identifier}']","parameters/destinationDataset":"https://xpluspl.sharepoint.com/sites/dio","parameters/destinationFolderPath":"/tutorial_rdu_approvals/Rejected documents","parameters/nameConflictBehavior":2},"host":{"apiId":"/providers/Microsoft.PowerApps/apis/shared_sharepointonline","connectionName":"shared_sharepointonline","operationId":"MoveFileAsync"},"authentication":"@parameters('$authentication')"}}}},"expression":{"and":[{"equals":["@outputs('Start_and_wait_for_an_approval')?['body/outcome']","Approve"]}]},"type":"If"}},"outputs":{}},"connectionReferences":{"shared_sharepointonline":{"connectionName":"shared-sharepointonl-3c04598b-b515-4899-b4fe-364ba4e05fcf","source":"Embedded","id":"/providers/Microsoft.PowerApps/apis/shared_sharepointonline","tier":"NotSpecified"},"shared_approvals":{"connectionName":"shared-approvals-7dcb8e04-0c97-4565-a453-298cbaa212ef","source":"Embedded","id":"/providers/Microsoft.PowerApps/apis/shared_approvals","tier":"NotSpecified"}},"flowFailureAlertSubscribed":false,"isManaged":false}}