{"name":"2b1feac5-1767-4985-a8d2-1c49e4a838e5","id":"/providers/Microsoft.Flow/flows/2b1feac5-1767-4985-a8d2-1c49e4a838e5","type":"Microsoft.Flow/flows","properties":{"apiId":"/providers/Microsoft.PowerApps/apis/shared_logicflows","displayName":"(Tutorial) Daily get a list of excel rows and for each row, send an email","definition":{"metadata":{"workflowEntityId":null,"processAdvisorMetadata":null,"flowChargedByPaygo":null,"flowclientsuspensionreason":"None","flowclientsuspensiontime":null,"flowclientsuspensionreasondetails":null,"creator":{"id":"d2947b98-cca2-45d2-a50f-81d6abec3a8b","type":"User","tenantId":"4ae9c97c-d931-4a4c-8ceb-a0fca15da4ec"},"provisioningMethod":"FromDefinition","failureAlertSubscription":true,"clientLastModifiedTime":"2024-12-16T14:59:44.2267495Z","connectionKeySavedTimeKey":"2024-12-16T14:59:44.2267495Z"},"$schema":"https://schema.management.azure.com/providers/Microsoft.Logic/schemas/2016-06-01/workflowdefinition.json#","contentVersion":"1.0.0.0","parameters":{"$authentication":{"defaultValue":{},"type":"SecureObject"},"$connections":{"defaultValue":{},"type":"Object"}},"triggers":{"Recurrence":{"recurrence":{"frequency":"Day","interval":1,"startTime":null,"timeZone":"","schedule":{"hours":["10"]}},"type":"Recurrence"}},"actions":{"List_rows_present_in_a_table":{"runAfter":{},"metadata":{"01L3KBEVVDKVGBEQ4GCBHKXLVPD574MENK":"/Trainings/recipients.xlsx","tableId":"{8283A91A-6920-4976-928F-C6BF38AC1BD9}"},"type":"OpenApiConnection","inputs":{"parameters":{"source":"me","drive":"b!CAbldLF3TUe3R9LH_9FtzwKqyt3dF-pHgweYkFN5Qkeb0wJN6KjmQ4o7lKVsit91","file":"01L3KBEVVDKVGBEQ4GCBHKXLVPD574MENK","table":"{8283A91A-6920-4976-928F-C6BF38AC1BD9}"},"host":{"apiId":"/providers/Microsoft.PowerApps/apis/shared_excelonlinebusiness","connectionName":"shared_excelonlinebusiness","operationId":"GetItems"},"authentication":"@parameters('$authentication')"}},"For_each_row":{"foreach":"@outputs('List_rows_present_in_a_table')?['body/value']","actions":{"Send_an_email_(V2)":{"type":"OpenApiConnection","inputs":{"parameters":{"emailMessage/To":"@item()?['Contact email']","emailMessage/Subject":"Contoso Event Information","emailMessage/Body":"<p class=\"editor-paragraph\">Dear @{item()?['First Name']} @{item()?['Last Name']},</p><p class=\"editor-paragraph\">Thank you for your interest in Contoso's annual event. As information becomes available, you'll be the first to know!</p>","emailMessage/Importance":"Normal"},"host":{"apiId":"/providers/Microsoft.PowerApps/apis/shared_office365","connectionName":"shared_office365","operationId":"SendEmailV2"},"authentication":"@parameters('$authentication')"}}},"runAfter":{"List_rows_present_in_a_table":["Succeeded"]},"type":"Foreach"}},"outputs":{}},"connectionReferences":{"shared_excelonlinebusiness":{"connectionName":"shared-excelonlinebu-3c6d137a-d91f-4fc5-9d57-a275593de055","source":"Embedded","id":"/providers/Microsoft.PowerApps/apis/shared_excelonlinebusiness","tier":"NotSpecified"},"shared_office365":{"connectionName":"shared-office365-5d86398b-e4db-4e98-86e8-56424b7f4046","source":"Embedded","id":"/providers/Microsoft.PowerApps/apis/shared_office365","tier":"NotSpecified"}},"flowFailureAlertSubscribed":false,"isManaged":false}}