{
  "properties": {
    "connectionReferences": {
      "shared_commondataserviceforapps": {
        "impersonation": {},
        "runtimeSource": "embedded",
        "connection": {
          "connectionReferenceLogicalName": "rdu_sharedcommondataserviceforapps_7f293"
        },
        "api": {
          "name": "shared_commondataserviceforapps"
        }
      },
      "shared_office365": {
        "runtimeSource": "embedded",
        "connection": {
          "connectionReferenceLogicalName": "rdu_sharedoffice365_d1771"
        },
        "api": {
          "name": "shared_office365"
        }
      }
    },
    "definition": {
      "$schema": "https://schema.management.azure.com/providers/Microsoft.Logic/schemas/2016-06-01/workflowdefinition.json#",
      "contentVersion": "1.0.0.0",
      "parameters": {
        "$authentication": {
          "defaultValue": {},
          "type": "SecureObject"
        },
        "$connections": {
          "defaultValue": {},
          "type": "Object"
        }
      },
      "triggers": {
        "Recurrence": {
          "recurrence": {
            "frequency": "Week",
            "interval": 1,
            "startTime": "2025-01-08T09:00:00Z",
            "schedule": {
              "weekDays": [
                "Monday",
                "Tuesday",
                "Wednesday",
                "Thursday",
                "Friday"
              ]
            }
          },
          "metadata": {
            "operationMetadataId": "692e2f0e-cd4a-47ee-a6a1-a25fc58e5792"
          },
          "type": "Recurrence"
        }
      },
      "actions": {
        "List_rows": {
          "runAfter": {},
          "metadata": {
            "operationMetadataId": "e291b382-3153-4d83-9d35-1baf074f091d"
          },
          "type": "OpenApiConnection",
          "inputs": {
            "parameters": {
              "entityName": "rdu_opportunities",
              "$filter": "rdu_opportunitystatus eq 1"
            },
            "host": {
              "apiId": "/providers/Microsoft.PowerApps/apis/shared_commondataserviceforapps",
              "connectionName": "shared_commondataserviceforapps",
              "operationId": "ListRecords"
            },
            "authentication": "@parameters('$authentication')"
          }
        },
        "Create_HTML_table": {
          "runAfter": {
            "List_rows": [
              "Succeeded"
            ]
          },
          "type": "Table",
          "inputs": {
            "from": "@outputs('List_rows')?['body/value']",
            "format": "HTML",
            "columns": [
              {
                "header": "Opportunity name",
                "value": "@item()?['rdu_name']"
              },
              {
                "header": "Amount",
                "value": "@item()?['rdu_amount']"
              },
              {
                "header": "Customer name",
                "value": "@item()?['rdu_customer']"
              }
            ]
          }
        },
        "Send_an_email_(V2)": {
          "runAfter": {
            "Create_HTML_table": [
              "Succeeded"
            ]
          },
          "type": "OpenApiConnection",
          "inputs": {
            "parameters": {
              "emailMessage/To": "axcademytester@gmail.com",
              "emailMessage/Subject": "demo lab 18",
              "emailMessage/Body": "<p class=\"editor-paragraph\">Here is the list of new opportunities:</p><p class=\"editor-paragraph\">@{body('Create_HTML_table')}</p>",
              "emailMessage/Importance": "Normal"
            },
            "host": {
              "apiId": "/providers/Microsoft.PowerApps/apis/shared_office365",
              "connectionName": "shared_office365",
              "operationId": "SendEmailV2"
            },
            "authentication": "@parameters('$authentication')"
          }
        }
      }
    },
    "templateName": null
  },
  "schemaVersion": "1.0.0.0"
}