{"name":"2946df25-b754-437d-94ba-0b6debbb0199","id":"/providers/Microsoft.Flow/flows/2946df25-b754-437d-94ba-0b6debbb0199","type":"Microsoft.Flow/flows","properties":{"apiId":"/providers/Microsoft.PowerApps/apis/shared_logicflows","displayName":"Create a Planner task when a Dataverse task is created","definition":{"metadata":{"workflowEntityId":null,"processAdvisorMetadata":null,"flowChargedByPaygo":null,"flowclientsuspensionreason":"None","flowclientsuspensiontime":null,"flowclientsuspensionreasondetails":null,"creator":{"id":"1f3d0f67-87d5-4123-9169-73d06832bc46","type":"User","tenantId":"4596bf27-4d2a-416e-b9f1-cc10160d95ec"},"provisioningMethod":"FromDefinition","failureAlertSubscription":true,"clientLastModifiedTime":"2024-12-18T16:02:58.6504447Z","connectionKeySavedTimeKey":"2024-12-18T16:02:58.6504447Z","creationSource":"Portal","modifiedSources":"Portal"},"$schema":"https://schema.management.azure.com/providers/Microsoft.Logic/schemas/2016-06-01/workflowdefinition.json#","contentVersion":"1.0.0.0","parameters":{"$authentication":{"defaultValue":{},"type":"SecureObject"},"$connections":{"defaultValue":{},"type":"Object"}},"triggers":{"When_a_row_is_added,_modified_or_deleted":{"type":"OpenApiConnectionWebhook","inputs":{"parameters":{"subscriptionRequest/message":1,"subscriptionRequest/entityname":"task","subscriptionRequest/scope":4},"host":{"apiId":"/providers/Microsoft.PowerApps/apis/shared_commondataserviceforapps","connectionName":"shared_commondataserviceforapps","operationId":"SubscribeWebhookTrigger"},"authentication":"@parameters('$authentication')"}}},"actions":{"Create_a_task":{"runAfter":{},"type":"OpenApiConnection","inputs":{"parameters":{"body/groupId":"ca8d29e9-b754-4e51-a76c-1a86ed34cecd","body/planId":"jNSMMxRU80aARRMs5n1jWZcAEjdW","body/title":"@triggerOutputs()?['body/subject']"},"host":{"apiId":"/providers/Microsoft.PowerApps/apis/shared_planner","connectionName":"shared_planner-1","operationId":"CreateTask_V3"},"authentication":"@parameters('$authentication')"}}},"outputs":{}},"connectionReferences":{"shared_commondataserviceforapps":{"connectionName":"shared-commondataser-69e2a73c-abf8-4ce2-bdd6-1d1ff835dc93","source":"Embedded","id":"/providers/Microsoft.PowerApps/apis/shared_commondataserviceforapps","tier":"NotSpecified"},"shared_planner-1":{"connectionName":"shared-planner-54bd7580-8f76-48e7-87c9-78e373626f42","source":"Embedded","id":"/providers/Microsoft.PowerApps/apis/shared_planner","tier":"NotSpecified"}},"flowFailureAlertSubscribed":false,"isManaged":false}}