{"name":"e82b6be6-6a8e-4420-8e09-f4bd48f6b8fc","id":"/providers/Microsoft.Flow/flows/e82b6be6-6a8e-4420-8e09-f4bd48f6b8fc","type":"Microsoft.Flow/flows","properties":{"apiId":"/providers/Microsoft.PowerApps/apis/shared_logicflows","displayName":"(rdu) Extract text from images or PDF documents using AI Builder Text Recognition","definition":{"metadata":{"workflowEntityId":null,"processAdvisorMetadata":null,"flowChargedByPaygo":null,"flowclientsuspensionreason":"None","flowclientsuspensiontime":null,"flowclientsuspensionreasondetails":null,"creator":{"id":"1f3d0f67-87d5-4123-9169-73d06832bc46","type":"User","tenantId":"4596bf27-4d2a-416e-b9f1-cc10160d95ec"},"provisioningMethod":"FromDefinition","failureAlertSubscription":true,"clientLastModifiedTime":"2024-12-27T12:49:41.5993889Z","connectionKeySavedTimeKey":"2024-12-27T12:49:41.5993889Z"},"$schema":"https://schema.management.azure.com/providers/Microsoft.Logic/schemas/2016-06-01/workflowdefinition.json#","contentVersion":"1.0.0.0","parameters":{"$authentication":{"defaultValue":{},"type":"SecureObject"},"$connections":{"defaultValue":{},"type":"Object"}},"triggers":{"manual":{"type":"Request","kind":"Button","inputs":{"schema":{"type":"object","properties":{"file":{"title":"File","type":"object","x-ms-dynamically-added":true,"description":"Please select a file (supported file formats: .PDF, .PNG, .JPEG)","x-ms-content-hint":"FILE","properties":{"name":{"type":"string"},"contentBytes":{"type":"string","format":"byte"}}}},"required":[]}}}},"actions":{"Apply_to_each_-_Apply_to_each_page":{"foreach":"@outputs('Recognize_text_in_an_image')?['body/responsev2/predictionOutput/results']","actions":{"Apply_to_each_-_Apply_to_each_line":{"foreach":"@items('Apply_to_each_-_Apply_to_each_page')?['lines']","actions":{"Append_to_string_variable":{"type":"AppendToStringVariable","inputs":{"name":"Extracted text","value":"@{items('Apply_to_each_-_Apply_to_each_line')?['text']} "}}},"type":"Foreach"}},"runAfter":{"Initialize_variable":["Succeeded"]},"type":"Foreach"},"Recognize_text_in_an_image":{"runAfter":{},"metadata":{"flowSystemMetadata":{"portalOperationId":"aibuilderpredict_textrecognition","portalOperationGroup":"aibuilder","portalOperationApiDisplayNameOverride":"AI Builder","portalOperationIconOverride":"https://content.powerapps.com/resource/makerx/static/pauto/images/designeroperations/aiBuilderNew.51dbdb6b.png","portalOperationBrandColorOverride":"#0A76C4","portalOperationApiTierOverride":"Standard"}},"type":"OpenApiConnection","inputs":{"parameters":{"item/requestv2/base64Encoded":"@triggerBody()?['file']?['contentBytes']","recordId":"86419a67-205a-454f-b6fc-601394f2786d"},"host":{"apiId":"/providers/Microsoft.PowerApps/apis/shared_commondataserviceforapps","connectionName":"shared_commondataserviceforapps","operationId":"aibuilderpredict_textrecognition"},"authentication":"@parameters('$authentication')"}},"Get_my_profile_(V2)":{"runAfter":{"Apply_to_each_-_Apply_to_each_page":["Succeeded"]},"type":"OpenApiConnection","inputs":{"host":{"apiId":"/providers/Microsoft.PowerApps/apis/shared_office365users","connectionName":"shared_office365users","operationId":"MyProfile_V2"},"authentication":{"value":"@json(decodeBase64(triggerOutputs().headers['X-MS-APIM-Tokens']))['$ConnectionKey']","type":"Raw"}}},"Send_an_email_(V2)":{"runAfter":{"Get_my_profile_(V2)":["Succeeded"]},"type":"OpenApiConnection","inputs":{"parameters":{"emailMessage/To":"@outputs('Get_my_profile_(V2)')?['body/mail']","emailMessage/Subject":"Text Recognition results","emailMessage/Body":"<p><span style=\"font-size: 16px\">Congratulations </span><span style=\"font-size: 16px\">@{outputs('Get_my_profile_(V2)')?['body/givenName']}</span><span style=\"font-size: 16px\">! Your Power Automate flow ran successfully. Here is all the text extracted from the attached file:<br>\n<br>\n</span><span style=\"font-size: 16px\">@{variables('Extracted text')}</span><span style=\"font-size: 16px\"><br>\n<br>\nLearn more about AI Builder Text Recognition and the information it can extract: https://go.microsoft.com/fwlink/?linkid=2161167</span></p>","emailMessage/Attachments":[{"Name":"@triggerBody()?['file']?['name']","ContentBytes":"@triggerBody()?['file']?['contentBytes']"}]},"host":{"apiId":"/providers/Microsoft.PowerApps/apis/shared_office365","connectionName":"shared_office365","operationId":"SendEmailV2"},"authentication":{"value":"@json(decodeBase64(triggerOutputs().headers['X-MS-APIM-Tokens']))['$ConnectionKey']","type":"Raw"}}},"Initialize_variable":{"runAfter":{"Recognize_text_in_an_image":["Succeeded"]},"type":"InitializeVariable","inputs":{"variables":[{"name":"Extracted text","type":"string"}]}}}},"connectionReferences":{"shared_commondataserviceforapps":{"connectionName":"shared-commondataser-69e2a73c-abf8-4ce2-bdd6-1d1ff835dc93","source":"Embedded","id":"/providers/Microsoft.PowerApps/apis/shared_commondataserviceforapps","tier":"NotSpecified"},"shared_office365users":{"connectionName":"shared-office365user-54aae6a8-ce0c-47ff-8d89-17d22619aed9","source":"Invoker","id":"/providers/Microsoft.PowerApps/apis/shared_office365users","tier":"NotSpecified"},"shared_office365":{"connectionName":"shared-office365-f6fd3ab5-3c40-4814-bec2-2845a15a09e0","source":"Invoker","id":"/providers/Microsoft.PowerApps/apis/shared_office365","tier":"NotSpecified"}},"flowFailureAlertSubscribed":false,"isManaged":false}}