<ImportExportXml version="9.2.24114.194" SolutionPackageVersion="9.2" languagecode="1033" generatedBy="CrmLive" xmlns:xsi="http://www.w3.org/2001/XMLSchema-instance" OrganizationVersion="9.2.24114.194" OrganizationSchemaType="Full" CRMServerServiceabilityVersion="9.2.24122.00134">
  <SolutionManifest>
    <UniqueName>rdu_bpf_car_sales_process</UniqueName>
    <LocalizedNames>
      <LocalizedName description="rdu_bpf_car_sales_process" languagecode="1033" />
    </LocalizedNames>
    <Descriptions />
    <Version>1.0.0.2</Version>
    <Managed>0</Managed>
    <Publisher>
      <UniqueName>rdu</UniqueName>
      <LocalizedNames>
        <LocalizedName description="rdu" languagecode="1033" />
      </LocalizedNames>
      <Descriptions />
      <EMailAddress xsi:nil="true"></EMailAddress>
      <SupportingWebsiteUrl xsi:nil="true"></SupportingWebsiteUrl>
      <CustomizationPrefix>rdu</CustomizationPrefix>
      <CustomizationOptionValuePrefix>90995</CustomizationOptionValuePrefix>
      <Addresses>
        <Address>
          <AddressNumber>1</AddressNumber>
          <AddressTypeCode>1</AddressTypeCode>
          <City xsi:nil="true"></City>
          <County xsi:nil="true"></County>
          <Country xsi:nil="true"></Country>
          <Fax xsi:nil="true"></Fax>
          <FreightTermsCode xsi:nil="true"></FreightTermsCode>
          <ImportSequenceNumber xsi:nil="true"></ImportSequenceNumber>
          <Latitude xsi:nil="true"></Latitude>
          <Line1 xsi:nil="true"></Line1>
          <Line2 xsi:nil="true"></Line2>
          <Line3 xsi:nil="true"></Line3>
          <Longitude xsi:nil="true"></Longitude>
          <Name xsi:nil="true"></Name>
          <PostalCode xsi:nil="true"></PostalCode>
          <PostOfficeBox xsi:nil="true"></PostOfficeBox>
          <PrimaryContactName xsi:nil="true"></PrimaryContactName>
          <ShippingMethodCode>1</ShippingMethodCode>
          <StateOrProvince xsi:nil="true"></StateOrProvince>
          <Telephone1 xsi:nil="true"></Telephone1>
          <Telephone2 xsi:nil="true"></Telephone2>
          <Telephone3 xsi:nil="true"></Telephone3>
          <TimeZoneRuleVersionNumber xsi:nil="true"></TimeZoneRuleVersionNumber>
          <UPSZone xsi:nil="true"></UPSZone>
          <UTCOffset xsi:nil="true"></UTCOffset>
          <UTCConversionTimeZoneCode xsi:nil="true"></UTCConversionTimeZoneCode>
        </Address>
        <Address>
          <AddressNumber>2</AddressNumber>
          <AddressTypeCode>1</AddressTypeCode>
          <City xsi:nil="true"></City>
          <County xsi:nil="true"></County>
          <Country xsi:nil="true"></Country>
          <Fax xsi:nil="true"></Fax>
          <FreightTermsCode xsi:nil="true"></FreightTermsCode>
          <ImportSequenceNumber xsi:nil="true"></ImportSequenceNumber>
          <Latitude xsi:nil="true"></Latitude>
          <Line1 xsi:nil="true"></Line1>
          <Line2 xsi:nil="true"></Line2>
          <Line3 xsi:nil="true"></Line3>
          <Longitude xsi:nil="true"></Longitude>
          <Name xsi:nil="true"></Name>
          <PostalCode xsi:nil="true"></PostalCode>
          <PostOfficeBox xsi:nil="true"></PostOfficeBox>
          <PrimaryContactName xsi:nil="true"></PrimaryContactName>
          <ShippingMethodCode>1</ShippingMethodCode>
          <StateOrProvince xsi:nil="true"></StateOrProvince>
          <Telephone1 xsi:nil="true"></Telephone1>
          <Telephone2 xsi:nil="true"></Telephone2>
          <Telephone3 xsi:nil="true"></Telephone3>
          <TimeZoneRuleVersionNumber xsi:nil="true"></TimeZoneRuleVersionNumber>
          <UPSZone xsi:nil="true"></UPSZone>
          <UTCOffset xsi:nil="true"></UTCOffset>
          <UTCConversionTimeZoneCode xsi:nil="true"></UTCConversionTimeZoneCode>
        </Address>
      </Addresses>
    </Publisher>
    <RootComponents>
      <RootComponent type="1" schemaName="lead" behavior="2" />
      <RootComponent type="1" schemaName="opportunity" behavior="2" />
      <RootComponent type="1" schemaName="quote" behavior="2" />
      <RootComponent type="1" schemaName="rdu_carsalesprocess" behavior="0" />
      <RootComponent type="9" schemaName="rdu_carpreference" behavior="0" />
      <RootComponent type="29" id="{d0d1daec-6cbc-ef11-a72f-7c1e5275d49b}" behavior="0" />
      <RootComponent type="60" id="{9a14ebb4-143e-e711-80e1-00155d871bb4}" />
      <RootComponent type="60" id="{db86e637-863c-e711-80e0-00155d871bb4}" />
      <RootComponent type="60" id="{f7e6d29b-1e3e-e711-80e1-00155d871bb4}" />
    </RootComponents>
    <MissingDependencies>
      <MissingDependency>
        <Required type="1" schemaName="lead" displayName="Lead" solution="msdynce_LeadManagement (9.0.4.0066)">
          <package appName="Dynamics 365 Lead Management" version="9.0.24114.10001">msdynce_LeadManagementAnchor (9.0.24114.10001)</package>
        </Required>
        <Dependent type="1" schemaName="lead" displayName="Lead" />
      </MissingDependency>
      <MissingDependency>
        <Required type="1" schemaName="lead" displayName="Lead" solution="msdynce_LeadManagement (9.0.4.0066)">
          <package appName="Dynamics 365 Lead Management" version="9.0.24114.10001">msdynce_LeadManagementAnchor (9.0.24114.10001)</package>
        </Required>
        <Dependent type="2" schemaName="rdu_carpreference" displayName="Car preference" parentSchemaName="lead" parentDisplayName="Lead" />
      </MissingDependency>
      <MissingDependency>
        <Required type="1" schemaName="lead" displayName="Lead" solution="msdynce_LeadManagement (9.0.4.0066)">
          <package appName="Dynamics 365 Lead Management" version="9.0.24114.10001">msdynce_LeadManagementAnchor (9.0.24114.10001)</package>
        </Required>
        <Dependent type="26" schemaName="Active Car Sales Process on my Leads" displayName="Active Car Sales Process on my Leads" parentSchemaName="rdu_carsalesprocess" parentDisplayName="Car Sales Process" id="{487297a9-9ee2-431d-8248-6e7ec697e500}" />
      </MissingDependency>
      <MissingDependency>
        <Required type="1" schemaName="lead" displayName="Lead" solution="msdynce_LeadManagement (9.0.4.0066)">
          <package appName="Dynamics 365 Lead Management" version="9.0.24114.10001">msdynce_LeadManagementAnchor (9.0.24114.10001)</package>
        </Required>
        <Dependent type="26" schemaName="Inactive Car Sales Process on my Leads" displayName="Inactive Car Sales Process on my Leads" parentSchemaName="rdu_carsalesprocess" parentDisplayName="Car Sales Process" id="{ce80e788-1189-4ef5-a1b3-b34275f79899}" />
      </MissingDependency>
      <MissingDependency>
        <Required type="1" schemaName="lead" displayName="Lead" solution="msdynce_LeadManagement (9.0.4.0066)">
          <package appName="Dynamics 365 Lead Management" version="9.0.24114.10001">msdynce_LeadManagementAnchor (9.0.24114.10001)</package>
        </Required>
        <Dependent type="29" displayName="Car Sales Process" id="{d0d1daec-6cbc-ef11-a72f-7c1e5275d49b}" />
      </MissingDependency>
      <MissingDependency>
        <Required type="1" schemaName="opportunity" displayName="Opportunity" solution="msdynce_Sales (9.0.4.0076)">
          <package appName="Dynamics 365 Core Sales" version="9.0.24114.10002">msdynce_SalesAnchor (9.0.24114.10002)</package>
        </Required>
        <Dependent type="1" schemaName="opportunity" displayName="Opportunity" />
      </MissingDependency>
      <MissingDependency>
        <Required type="1" schemaName="opportunity" displayName="Opportunity" solution="msdynce_Sales (9.0.4.0076)">
          <package appName="Dynamics 365 Core Sales" version="9.0.24114.10002">msdynce_SalesAnchor (9.0.24114.10002)</package>
        </Required>
        <Dependent type="2" schemaName="rdu_allpaperworkpresent" displayName="All paperwork present" parentSchemaName="opportunity" parentDisplayName="Opportunity" />
      </MissingDependency>
      <MissingDependency>
        <Required type="1" schemaName="opportunity" displayName="Opportunity" solution="msdynce_Sales (9.0.4.0076)">
          <package appName="Dynamics 365 Core Sales" version="9.0.24114.10002">msdynce_SalesAnchor (9.0.24114.10002)</package>
        </Required>
        <Dependent type="2" schemaName="rdu_cleanhistoryrequired" displayName="Clean history required?" parentSchemaName="opportunity" parentDisplayName="Opportunity" />
      </MissingDependency>
      <MissingDependency>
        <Required type="1" schemaName="opportunity" displayName="Opportunity" solution="msdynce_Sales (9.0.4.0076)">
          <package appName="Dynamics 365 Core Sales" version="9.0.24114.10002">msdynce_SalesAnchor (9.0.24114.10002)</package>
        </Required>
        <Dependent type="2" schemaName="rdu_color" displayName="Color" parentSchemaName="opportunity" parentDisplayName="Opportunity" />
      </MissingDependency>
      <MissingDependency>
        <Required type="1" schemaName="opportunity" displayName="Opportunity" solution="msdynce_Sales (9.0.4.0076)">
          <package appName="Dynamics 365 Core Sales" version="9.0.24114.10002">msdynce_SalesAnchor (9.0.24114.10002)</package>
        </Required>
        <Dependent type="2" schemaName="rdu_makeandmodel" displayName="Make and model" parentSchemaName="opportunity" parentDisplayName="Opportunity" />
      </MissingDependency>
      <MissingDependency>
        <Required type="1" schemaName="opportunity" displayName="Opportunity" solution="msdynce_Sales (9.0.4.0076)">
          <package appName="Dynamics 365 Core Sales" version="9.0.24114.10002">msdynce_SalesAnchor (9.0.24114.10002)</package>
        </Required>
        <Dependent type="2" schemaName="rdu_maxnumberofpreviousowners" displayName="Max number of previous owners" parentSchemaName="opportunity" parentDisplayName="Opportunity" />
      </MissingDependency>
      <MissingDependency>
        <Required type="1" schemaName="opportunity" displayName="Opportunity" solution="msdynce_Sales (9.0.4.0076)">
          <package appName="Dynamics 365 Core Sales" version="9.0.24114.10002">msdynce_SalesAnchor (9.0.24114.10002)</package>
        </Required>
        <Dependent type="2" schemaName="rdu_maxodometerreading" displayName="Max odometer reading" parentSchemaName="opportunity" parentDisplayName="Opportunity" />
      </MissingDependency>
      <MissingDependency>
        <Required type="1" schemaName="opportunity" displayName="Opportunity" solution="msdynce_Sales (9.0.4.0076)">
          <package appName="Dynamics 365 Core Sales" version="9.0.24114.10002">msdynce_SalesAnchor (9.0.24114.10002)</package>
        </Required>
        <Dependent type="2" schemaName="rdu_maxvehicleageyears" displayName="Max vehicle age (Years)" parentSchemaName="opportunity" parentDisplayName="Opportunity" />
      </MissingDependency>
      <MissingDependency>
        <Required type="1" schemaName="opportunity" displayName="Opportunity" solution="msdynce_Sales (9.0.4.0076)">
          <package appName="Dynamics 365 Core Sales" version="9.0.24114.10002">msdynce_SalesAnchor (9.0.24114.10002)</package>
        </Required>
        <Dependent type="2" schemaName="rdu_scheduletradeinevaluation" displayName="Schedule trade-in evaluation" parentSchemaName="opportunity" parentDisplayName="Opportunity" />
      </MissingDependency>
      <MissingDependency>
        <Required type="1" schemaName="opportunity" displayName="Opportunity" solution="msdynce_Sales (9.0.4.0076)">
          <package appName="Dynamics 365 Core Sales" version="9.0.24114.10002">msdynce_SalesAnchor (9.0.24114.10002)</package>
        </Required>
        <Dependent type="2" schemaName="rdu_tradein" displayName="Trade in?" parentSchemaName="opportunity" parentDisplayName="Opportunity" />
      </MissingDependency>
      <MissingDependency>
        <Required type="1" schemaName="opportunity" displayName="Opportunity" solution="msdynce_Sales (9.0.4.0076)">
          <package appName="Dynamics 365 Core Sales" version="9.0.24114.10002">msdynce_SalesAnchor (9.0.24114.10002)</package>
        </Required>
        <Dependent type="2" schemaName="rdu_trimandoptionsselected" displayName="Trim and options selected" parentSchemaName="opportunity" parentDisplayName="Opportunity" />
      </MissingDependency>
      <MissingDependency>
        <Required type="1" schemaName="opportunity" displayName="Opportunity" solution="msdynce_Sales (9.0.4.0076)">
          <package appName="Dynamics 365 Core Sales" version="9.0.24114.10002">msdynce_SalesAnchor (9.0.24114.10002)</package>
        </Required>
        <Dependent type="29" displayName="Car Sales Process" id="{d0d1daec-6cbc-ef11-a72f-7c1e5275d49b}" />
      </MissingDependency>
      <MissingDependency>
        <Required type="1" schemaName="opportunityproduct" displayName="Opportunity Product" solution="msdynce_Sales (9.0.4.0076)">
          <package appName="Dynamics 365 Core Sales" version="9.0.24114.10002">msdynce_SalesAnchor (9.0.24114.10002)</package>
        </Required>
        <Dependent type="60" displayName="Information" parentDisplayName="Opportunity" id="{a2a56263-ec37-4991-a3b0-e7b37a71d818}" />
      </MissingDependency>
      <MissingDependency>
        <Required type="1" schemaName="quote" displayName="Quote" solution="msdynce_Sales (9.0.4.0076)">
          <package appName="Dynamics 365 Core Sales" version="9.0.24114.10002">msdynce_SalesAnchor (9.0.24114.10002)</package>
        </Required>
        <Dependent type="1" schemaName="quote" displayName="Quote" />
      </MissingDependency>
      <MissingDependency>
        <Required type="1" schemaName="quote" displayName="Quote" solution="msdynce_Sales (9.0.4.0076)">
          <package appName="Dynamics 365 Core Sales" version="9.0.24114.10002">msdynce_SalesAnchor (9.0.24114.10002)</package>
        </Required>
        <Dependent type="2" schemaName="rdu_customeragreement" displayName="Customer agreement?" parentSchemaName="quote" parentDisplayName="Quote" />
      </MissingDependency>
      <MissingDependency>
        <Required type="1" schemaName="quote" displayName="Quote" solution="msdynce_Sales (9.0.4.0076)">
          <package appName="Dynamics 365 Core Sales" version="9.0.24114.10002">msdynce_SalesAnchor (9.0.24114.10002)</package>
        </Required>
        <Dependent type="2" schemaName="rdu_quotedelivered" displayName="Quote delivered?" parentSchemaName="quote" parentDisplayName="Quote" />
      </MissingDependency>
      <MissingDependency>
        <Required type="1" schemaName="quote" displayName="Quote" solution="msdynce_Sales (9.0.4.0076)">
          <package appName="Dynamics 365 Core Sales" version="9.0.24114.10002">msdynce_SalesAnchor (9.0.24114.10002)</package>
        </Required>
        <Dependent type="29" displayName="Car Sales Process" id="{d0d1daec-6cbc-ef11-a72f-7c1e5275d49b}" />
      </MissingDependency>
      <MissingDependency>
        <Required type="1" schemaName="quote" displayName="Quote" solution="msdynce_Sales (9.0.4.0076)">
          <package appName="Dynamics 365 Core Sales" version="9.0.24114.10002">msdynce_SalesAnchor (9.0.24114.10002)</package>
        </Required>
        <Dependent type="60" displayName="Information" parentDisplayName="Opportunity" id="{a2a56263-ec37-4991-a3b0-e7b37a71d818}" />
      </MissingDependency>
      <MissingDependency>
        <Required type="2" schemaName="address1_city" displayName="City" parentSchemaName="lead" parentDisplayName="Lead" solution="msdynce_LeadManagement (9.0.4.0066)">
          <package appName="Dynamics 365 Lead Management" version="9.0.24114.10001">msdynce_LeadManagementAnchor (9.0.24114.10001)</package>
        </Required>
        <Dependent type="60" displayName="Information" parentDisplayName="Lead" id="{9886ead0-4fcc-4747-9a18-08e7a9a6de71}" />
      </MissingDependency>
      <MissingDependency>
        <Required type="2" schemaName="address1_country" displayName="Country/Region" parentSchemaName="lead" parentDisplayName="Lead" solution="msdynce_LeadManagement (9.0.4.0066)">
          <package appName="Dynamics 365 Lead Management" version="9.0.24114.10001">msdynce_LeadManagementAnchor (9.0.24114.10001)</package>
        </Required>
        <Dependent type="60" displayName="Information" parentDisplayName="Lead" id="{9886ead0-4fcc-4747-9a18-08e7a9a6de71}" />
      </MissingDependency>
      <MissingDependency>
        <Required type="2" schemaName="address1_line1" displayName="Street 1" parentSchemaName="lead" parentDisplayName="Lead" solution="msdynce_LeadManagement (9.0.4.0066)">
          <package appName="Dynamics 365 Lead Management" version="9.0.24114.10001">msdynce_LeadManagementAnchor (9.0.24114.10001)</package>
        </Required>
        <Dependent type="60" displayName="Information" parentDisplayName="Lead" id="{9886ead0-4fcc-4747-9a18-08e7a9a6de71}" />
      </MissingDependency>
      <MissingDependency>
        <Required type="2" schemaName="address1_line2" displayName="Street 2" parentSchemaName="lead" parentDisplayName="Lead" solution="msdynce_LeadManagement (9.0.4.0066)">
          <package appName="Dynamics 365 Lead Management" version="9.0.24114.10001">msdynce_LeadManagementAnchor (9.0.24114.10001)</package>
        </Required>
        <Dependent type="60" displayName="Information" parentDisplayName="Lead" id="{9886ead0-4fcc-4747-9a18-08e7a9a6de71}" />
      </MissingDependency>
      <MissingDependency>
        <Required type="2" schemaName="address1_line3" displayName="Street 3" parentSchemaName="lead" parentDisplayName="Lead" solution="msdynce_LeadManagement (9.0.4.0066)">
          <package appName="Dynamics 365 Lead Management" version="9.0.24114.10001">msdynce_LeadManagementAnchor (9.0.24114.10001)</package>
        </Required>
        <Dependent type="60" displayName="Information" parentDisplayName="Lead" id="{9886ead0-4fcc-4747-9a18-08e7a9a6de71}" />
      </MissingDependency>
      <MissingDependency>
        <Required type="2" schemaName="address1_postalcode" displayName="ZIP/Postal Code" parentSchemaName="lead" parentDisplayName="Lead" solution="msdynce_LeadManagement (9.0.4.0066)">
          <package appName="Dynamics 365 Lead Management" version="9.0.24114.10001">msdynce_LeadManagementAnchor (9.0.24114.10001)</package>
        </Required>
        <Dependent type="60" displayName="Information" parentDisplayName="Lead" id="{9886ead0-4fcc-4747-9a18-08e7a9a6de71}" />
      </MissingDependency>
      <MissingDependency>
        <Required type="2" schemaName="address1_stateorprovince" displayName="State/Province" parentSchemaName="lead" parentDisplayName="Lead" solution="msdynce_LeadManagement (9.0.4.0066)">
          <package appName="Dynamics 365 Lead Management" version="9.0.24114.10001">msdynce_LeadManagementAnchor (9.0.24114.10001)</package>
        </Required>
        <Dependent type="60" displayName="Information" parentDisplayName="Lead" id="{9886ead0-4fcc-4747-9a18-08e7a9a6de71}" />
      </MissingDependency>
      <MissingDependency>
        <Required type="2" schemaName="campaignid" displayName="Source Campaign" parentSchemaName="lead" parentDisplayName="Lead" solution="msdynce_Marketing (9.0.4.37)">
          <package appName="Dynamics 365 Core Marketing" version="9.0.24114.10001">msdynce_MarketingAnchor (9.0.24114.10001)</package>
        </Required>
        <Dependent type="60" displayName="Information" parentDisplayName="Lead" id="{9886ead0-4fcc-4747-9a18-08e7a9a6de71}" />
      </MissingDependency>
      <MissingDependency>
        <Required type="2" schemaName="companyname" displayName="Company Name" parentSchemaName="lead" parentDisplayName="Lead" solution="msdynce_LeadManagement (9.0.4.0066)">
          <package appName="Dynamics 365 Lead Management" version="9.0.24114.10001">msdynce_LeadManagementAnchor (9.0.24114.10001)</package>
        </Required>
        <Dependent type="60" displayName="Information" parentDisplayName="Lead" id="{9886ead0-4fcc-4747-9a18-08e7a9a6de71}" />
      </MissingDependency>
      <MissingDependency>
        <Required type="2" schemaName="createdon" displayName="Created On" parentSchemaName="lead" parentDisplayName="Lead" solution="msdynce_LeadManagement (9.0.4.0066)">
          <package appName="Dynamics 365 Lead Management" version="9.0.24114.10001">msdynce_LeadManagementAnchor (9.0.24114.10001)</package>
        </Required>
        <Dependent type="60" displayName="Leads Dashboard" parentDisplayName="Lead" id="{9a14ebb4-143e-e711-80e1-00155d871bb4}" />
      </MissingDependency>
      <MissingDependency>
        <Required type="2" schemaName="description" displayName="Description" parentSchemaName="lead" parentDisplayName="Lead" solution="msdynce_LeadManagement (9.0.4.0066)">
          <package appName="Dynamics 365 Lead Management" version="9.0.24114.10001">msdynce_LeadManagementAnchor (9.0.24114.10001)</package>
        </Required>
        <Dependent type="60" displayName="Information" parentDisplayName="Lead" id="{9886ead0-4fcc-4747-9a18-08e7a9a6de71}" />
      </MissingDependency>
      <MissingDependency>
        <Required type="2" schemaName="donotbulkemail" displayName="Do not allow Bulk Emails" parentSchemaName="lead" parentDisplayName="Lead" solution="msdynce_LeadManagement (9.0.4.0066)">
          <package appName="Dynamics 365 Lead Management" version="9.0.24114.10001">msdynce_LeadManagementAnchor (9.0.24114.10001)</package>
        </Required>
        <Dependent type="60" displayName="Information" parentDisplayName="Lead" id="{9886ead0-4fcc-4747-9a18-08e7a9a6de71}" />
      </MissingDependency>
      <MissingDependency>
        <Required type="2" schemaName="donotemail" displayName="Do not allow Emails" parentSchemaName="lead" parentDisplayName="Lead" solution="msdynce_LeadManagement (9.0.4.0066)">
          <package appName="Dynamics 365 Lead Management" version="9.0.24114.10001">msdynce_LeadManagementAnchor (9.0.24114.10001)</package>
        </Required>
        <Dependent type="60" displayName="Information" parentDisplayName="Lead" id="{9886ead0-4fcc-4747-9a18-08e7a9a6de71}" />
      </MissingDependency>
      <MissingDependency>
        <Required type="2" schemaName="donotfax" displayName="Do not allow Faxes" parentSchemaName="lead" parentDisplayName="Lead" solution="msdynce_LeadManagement (9.0.4.0066)">
          <package appName="Dynamics 365 Lead Management" version="9.0.24114.10001">msdynce_LeadManagementAnchor (9.0.24114.10001)</package>
        </Required>
        <Dependent type="60" displayName="Information" parentDisplayName="Lead" id="{9886ead0-4fcc-4747-9a18-08e7a9a6de71}" />
      </MissingDependency>
      <MissingDependency>
        <Required type="2" schemaName="donotphone" displayName="Do not allow Phone Calls" parentSchemaName="lead" parentDisplayName="Lead" solution="msdynce_LeadManagement (9.0.4.0066)">
          <package appName="Dynamics 365 Lead Management" version="9.0.24114.10001">msdynce_LeadManagementAnchor (9.0.24114.10001)</package>
        </Required>
        <Dependent type="60" displayName="Information" parentDisplayName="Lead" id="{9886ead0-4fcc-4747-9a18-08e7a9a6de71}" />
      </MissingDependency>
      <MissingDependency>
        <Required type="2" schemaName="donotpostalmail" displayName="Do not allow Mails" parentSchemaName="lead" parentDisplayName="Lead" solution="msdynce_LeadManagement (9.0.4.0066)">
          <package appName="Dynamics 365 Lead Management" version="9.0.24114.10001">msdynce_LeadManagementAnchor (9.0.24114.10001)</package>
        </Required>
        <Dependent type="60" displayName="Information" parentDisplayName="Lead" id="{9886ead0-4fcc-4747-9a18-08e7a9a6de71}" />
      </MissingDependency>
      <MissingDependency>
        <Required type="2" schemaName="donotsendmm" displayName="Marketing Material" parentSchemaName="lead" parentDisplayName="Lead" solution="msdynce_LeadManagement (9.0.4.0066)">
          <package appName="Dynamics 365 Lead Management" version="9.0.24114.10001">msdynce_LeadManagementAnchor (9.0.24114.10001)</package>
        </Required>
        <Dependent type="60" displayName="Information" parentDisplayName="Lead" id="{9886ead0-4fcc-4747-9a18-08e7a9a6de71}" />
      </MissingDependency>
      <MissingDependency>
        <Required type="2" schemaName="emailaddress1" displayName="Email" parentSchemaName="lead" parentDisplayName="Lead" solution="msdynce_LeadManagement (9.0.4.0066)">
          <package appName="Dynamics 365 Lead Management" version="9.0.24114.10001">msdynce_LeadManagementAnchor (9.0.24114.10001)</package>
        </Required>
        <Dependent type="60" displayName="Information" parentDisplayName="Lead" id="{9886ead0-4fcc-4747-9a18-08e7a9a6de71}" />
      </MissingDependency>
      <MissingDependency>
        <Required type="2" schemaName="fax" displayName="Fax" parentSchemaName="lead" parentDisplayName="Lead" solution="msdynce_LeadManagement (9.0.4.0066)">
          <package appName="Dynamics 365 Lead Management" version="9.0.24114.10001">msdynce_LeadManagementAnchor (9.0.24114.10001)</package>
        </Required>
        <Dependent type="60" displayName="Information" parentDisplayName="Lead" id="{9886ead0-4fcc-4747-9a18-08e7a9a6de71}" />
      </MissingDependency>
      <MissingDependency>
        <Required type="2" schemaName="firstname" displayName="First Name" parentSchemaName="lead" parentDisplayName="Lead" solution="msdynce_LeadManagement (9.0.4.0066)">
          <package appName="Dynamics 365 Lead Management" version="9.0.24114.10001">msdynce_LeadManagementAnchor (9.0.24114.10001)</package>
        </Required>
        <Dependent type="60" displayName="Information" parentDisplayName="Lead" id="{9886ead0-4fcc-4747-9a18-08e7a9a6de71}" />
      </MissingDependency>
      <MissingDependency>
        <Required type="2" schemaName="followemail" displayName="Follow Email Activity" parentSchemaName="lead" parentDisplayName="Lead" solution="msdynce_LeadManagement (9.0.4.0066)">
          <package appName="Dynamics 365 Lead Management" version="9.0.24114.10001">msdynce_LeadManagementAnchor (9.0.24114.10001)</package>
        </Required>
        <Dependent type="60" displayName="Information" parentDisplayName="Lead" id="{9886ead0-4fcc-4747-9a18-08e7a9a6de71}" />
      </MissingDependency>
      <MissingDependency>
        <Required type="2" schemaName="fullname" displayName="Name" parentSchemaName="lead" parentDisplayName="Lead" solution="msdynce_LeadManagement (9.0.4.0066)">
          <package appName="Dynamics 365 Lead Management" version="9.0.24114.10001">msdynce_LeadManagementAnchor (9.0.24114.10001)</package>
        </Required>
        <Dependent type="10" schemaName="bpf_lead_rdu_carsalesprocess" displayName="bpf_lead_rdu_carsalesprocess" parentSchemaName="lead" parentDisplayName="Lead" />
      </MissingDependency>
      <MissingDependency>
        <Required type="2" schemaName="fullname" displayName="Name" parentSchemaName="lead" parentDisplayName="Lead" solution="msdynce_LeadManagement (9.0.4.0066)">
          <package appName="Dynamics 365 Lead Management" version="9.0.24114.10001">msdynce_LeadManagementAnchor (9.0.24114.10001)</package>
        </Required>
        <Dependent type="29" displayName="Car Sales Process" id="{d0d1daec-6cbc-ef11-a72f-7c1e5275d49b}" />
      </MissingDependency>
      <MissingDependency>
        <Required type="2" schemaName="industrycode" displayName="Industry" parentSchemaName="lead" parentDisplayName="Lead" solution="msdynce_LeadManagement (9.0.4.0066)">
          <package appName="Dynamics 365 Lead Management" version="9.0.24114.10001">msdynce_LeadManagementAnchor (9.0.24114.10001)</package>
        </Required>
        <Dependent type="60" displayName="Information" parentDisplayName="Lead" id="{9886ead0-4fcc-4747-9a18-08e7a9a6de71}" />
      </MissingDependency>
      <MissingDependency>
        <Required type="2" schemaName="jobtitle" displayName="Job Title" parentSchemaName="lead" parentDisplayName="Lead" solution="msdynce_LeadManagement (9.0.4.0066)">
          <package appName="Dynamics 365 Lead Management" version="9.0.24114.10001">msdynce_LeadManagementAnchor (9.0.24114.10001)</package>
        </Required>
        <Dependent type="60" displayName="Information" parentDisplayName="Lead" id="{9886ead0-4fcc-4747-9a18-08e7a9a6de71}" />
      </MissingDependency>
      <MissingDependency>
        <Required type="2" schemaName="lastname" displayName="Last Name" parentSchemaName="lead" parentDisplayName="Lead" solution="msdynce_LeadManagement (9.0.4.0066)">
          <package appName="Dynamics 365 Lead Management" version="9.0.24114.10001">msdynce_LeadManagementAnchor (9.0.24114.10001)</package>
        </Required>
        <Dependent type="60" displayName="Information" parentDisplayName="Lead" id="{9886ead0-4fcc-4747-9a18-08e7a9a6de71}" />
      </MissingDependency>
      <MissingDependency>
        <Required type="2" schemaName="lastusedincampaign" displayName="Last Campaign Date" parentSchemaName="lead" parentDisplayName="Lead" solution="msdynce_LeadManagement (9.0.4.0066)">
          <package appName="Dynamics 365 Lead Management" version="9.0.24114.10001">msdynce_LeadManagementAnchor (9.0.24114.10001)</package>
        </Required>
        <Dependent type="60" displayName="Information" parentDisplayName="Lead" id="{9886ead0-4fcc-4747-9a18-08e7a9a6de71}" />
      </MissingDependency>
      <MissingDependency>
        <Required type="2" schemaName="leadid" displayName="Lead" parentSchemaName="lead" parentDisplayName="Lead" solution="msdynce_LeadManagement (9.0.4.0066)">
          <package appName="Dynamics 365 Lead Management" version="9.0.24114.10001">msdynce_LeadManagementAnchor (9.0.24114.10001)</package>
        </Required>
        <Dependent type="26" schemaName="Active Car Sales Process on my Leads" displayName="Active Car Sales Process on my Leads" parentSchemaName="rdu_carsalesprocess" parentDisplayName="Car Sales Process" id="{487297a9-9ee2-431d-8248-6e7ec697e500}" />
      </MissingDependency>
      <MissingDependency>
        <Required type="2" schemaName="leadid" displayName="Lead" parentSchemaName="lead" parentDisplayName="Lead" solution="msdynce_LeadManagement (9.0.4.0066)">
          <package appName="Dynamics 365 Lead Management" version="9.0.24114.10001">msdynce_LeadManagementAnchor (9.0.24114.10001)</package>
        </Required>
        <Dependent type="26" schemaName="Inactive Car Sales Process on my Leads" displayName="Inactive Car Sales Process on my Leads" parentSchemaName="rdu_carsalesprocess" parentDisplayName="Car Sales Process" id="{ce80e788-1189-4ef5-a1b3-b34275f79899}" />
      </MissingDependency>
      <MissingDependency>
        <Required type="2" schemaName="leadid" displayName="Lead" parentSchemaName="lead" parentDisplayName="Lead" solution="msdynce_LeadManagement (9.0.4.0066)">
          <package appName="Dynamics 365 Lead Management" version="9.0.24114.10001">msdynce_LeadManagementAnchor (9.0.24114.10001)</package>
        </Required>
        <Dependent type="29" displayName="Car Sales Process" id="{d0d1daec-6cbc-ef11-a72f-7c1e5275d49b}" />
      </MissingDependency>
      <MissingDependency>
        <Required type="2" schemaName="leadqualitycode" displayName="Rating" parentSchemaName="lead" parentDisplayName="Lead" solution="msdynce_LeadManagement (9.0.4.0066)">
          <package appName="Dynamics 365 Lead Management" version="9.0.24114.10001">msdynce_LeadManagementAnchor (9.0.24114.10001)</package>
        </Required>
        <Dependent type="60" displayName="Information" parentDisplayName="Lead" id="{9886ead0-4fcc-4747-9a18-08e7a9a6de71}" />
      </MissingDependency>
      <MissingDependency>
        <Required type="2" schemaName="leadsourcecode" displayName="Lead Source" parentSchemaName="lead" parentDisplayName="Lead" solution="msdynce_LeadManagement (9.0.4.0066)">
          <package appName="Dynamics 365 Lead Management" version="9.0.24114.10001">msdynce_LeadManagementAnchor (9.0.24114.10001)</package>
        </Required>
        <Dependent type="60" displayName="Information" parentDisplayName="Lead" id="{9886ead0-4fcc-4747-9a18-08e7a9a6de71}" />
      </MissingDependency>
      <MissingDependency>
        <Required type="2" schemaName="mobilephone" displayName="Mobile Phone" parentSchemaName="lead" parentDisplayName="Lead" solution="msdynce_LeadManagement (9.0.4.0066)">
          <package appName="Dynamics 365 Lead Management" version="9.0.24114.10001">msdynce_LeadManagementAnchor (9.0.24114.10001)</package>
        </Required>
        <Dependent type="60" displayName="Information" parentDisplayName="Lead" id="{9886ead0-4fcc-4747-9a18-08e7a9a6de71}" />
      </MissingDependency>
      <MissingDependency>
        <Required type="2" schemaName="numberofemployees" displayName="No. of Employees" parentSchemaName="lead" parentDisplayName="Lead" solution="msdynce_LeadManagement (9.0.4.0066)">
          <package appName="Dynamics 365 Lead Management" version="9.0.24114.10001">msdynce_LeadManagementAnchor (9.0.24114.10001)</package>
        </Required>
        <Dependent type="60" displayName="Information" parentDisplayName="Lead" id="{9886ead0-4fcc-4747-9a18-08e7a9a6de71}" />
      </MissingDependency>
      <MissingDependency>
        <Required type="2" schemaName="ownerid" displayName="Owner" parentSchemaName="lead" parentDisplayName="Lead" solution="msdynce_LeadManagement (9.0.4.0066)">
          <package appName="Dynamics 365 Lead Management" version="9.0.24114.10001">msdynce_LeadManagementAnchor (9.0.24114.10001)</package>
        </Required>
        <Dependent type="26" schemaName="Active Car Sales Process on my Leads" displayName="Active Car Sales Process on my Leads" parentSchemaName="rdu_carsalesprocess" parentDisplayName="Car Sales Process" id="{487297a9-9ee2-431d-8248-6e7ec697e500}" />
      </MissingDependency>
      <MissingDependency>
        <Required type="2" schemaName="ownerid" displayName="Owner" parentSchemaName="lead" parentDisplayName="Lead" solution="msdynce_LeadManagement (9.0.4.0066)">
          <package appName="Dynamics 365 Lead Management" version="9.0.24114.10001">msdynce_LeadManagementAnchor (9.0.24114.10001)</package>
        </Required>
        <Dependent type="26" schemaName="Inactive Car Sales Process on my Leads" displayName="Inactive Car Sales Process on my Leads" parentSchemaName="rdu_carsalesprocess" parentDisplayName="Car Sales Process" id="{ce80e788-1189-4ef5-a1b3-b34275f79899}" />
      </MissingDependency>
      <MissingDependency>
        <Required type="2" schemaName="ownerid" displayName="Owner" parentSchemaName="lead" parentDisplayName="Lead" solution="msdynce_LeadManagement (9.0.4.0066)">
          <package appName="Dynamics 365 Lead Management" version="9.0.24114.10001">msdynce_LeadManagementAnchor (9.0.24114.10001)</package>
        </Required>
        <Dependent type="60" displayName="Information" parentDisplayName="Lead" id="{9886ead0-4fcc-4747-9a18-08e7a9a6de71}" />
      </MissingDependency>
      <MissingDependency>
        <Required type="2" schemaName="pager" displayName="Pager" parentSchemaName="lead" parentDisplayName="Lead" solution="msdynce_LeadManagement (9.0.4.0066)">
          <package appName="Dynamics 365 Lead Management" version="9.0.24114.10001">msdynce_LeadManagementAnchor (9.0.24114.10001)</package>
        </Required>
        <Dependent type="60" displayName="Information" parentDisplayName="Lead" id="{9886ead0-4fcc-4747-9a18-08e7a9a6de71}" />
      </MissingDependency>
      <MissingDependency>
        <Required type="2" schemaName="preferredcontactmethodcode" displayName="Preferred Method of Contact" parentSchemaName="lead" parentDisplayName="Lead" solution="msdynce_LeadManagement (9.0.4.0066)">
          <package appName="Dynamics 365 Lead Management" version="9.0.24114.10001">msdynce_LeadManagementAnchor (9.0.24114.10001)</package>
        </Required>
        <Dependent type="60" displayName="Information" parentDisplayName="Lead" id="{9886ead0-4fcc-4747-9a18-08e7a9a6de71}" />
      </MissingDependency>
      <MissingDependency>
        <Required type="2" schemaName="purchasetimeframe" displayName="Purchase Timeframe" parentSchemaName="lead" parentDisplayName="Lead" solution="msdynce_LeadManagement (9.0.4.0066)">
          <package appName="Dynamics 365 Lead Management" version="9.0.24114.10001">msdynce_LeadManagementAnchor (9.0.24114.10001)</package>
        </Required>
        <Dependent type="29" displayName="Car Sales Process" id="{d0d1daec-6cbc-ef11-a72f-7c1e5275d49b}" />
      </MissingDependency>
      <MissingDependency>
        <Required type="2" schemaName="purchasetimeframe" displayName="Purchase Timeframe" parentSchemaName="lead" parentDisplayName="Lead" solution="msdynce_LeadManagement (9.0.4.0066)">
          <package appName="Dynamics 365 Lead Management" version="9.0.24114.10001">msdynce_LeadManagementAnchor (9.0.24114.10001)</package>
        </Required>
        <Dependent type="60" displayName="Information" parentDisplayName="Car Sales Process" id="{73ab9cff-f966-4a62-ac48-d6f1ec6859b7}" />
      </MissingDependency>
      <MissingDependency>
        <Required type="2" schemaName="revenue" displayName="Annual Revenue" parentSchemaName="lead" parentDisplayName="Lead" solution="msdynce_LeadManagement (9.0.4.0066)">
          <package appName="Dynamics 365 Lead Management" version="9.0.24114.10001">msdynce_LeadManagementAnchor (9.0.24114.10001)</package>
        </Required>
        <Dependent type="60" displayName="Information" parentDisplayName="Lead" id="{9886ead0-4fcc-4747-9a18-08e7a9a6de71}" />
      </MissingDependency>
      <MissingDependency>
        <Required type="2" schemaName="salutation" displayName="Salutation" parentSchemaName="lead" parentDisplayName="Lead" solution="msdynce_LeadManagement (9.0.4.0066)">
          <package appName="Dynamics 365 Lead Management" version="9.0.24114.10001">msdynce_LeadManagementAnchor (9.0.24114.10001)</package>
        </Required>
        <Dependent type="60" displayName="Information" parentDisplayName="Lead" id="{9886ead0-4fcc-4747-9a18-08e7a9a6de71}" />
      </MissingDependency>
      <MissingDependency>
        <Required type="2" schemaName="sic" displayName="SIC Code" parentSchemaName="lead" parentDisplayName="Lead" solution="msdynce_LeadManagement (9.0.4.0066)">
          <package appName="Dynamics 365 Lead Management" version="9.0.24114.10001">msdynce_LeadManagementAnchor (9.0.24114.10001)</package>
        </Required>
        <Dependent type="60" displayName="Information" parentDisplayName="Lead" id="{9886ead0-4fcc-4747-9a18-08e7a9a6de71}" />
      </MissingDependency>
      <MissingDependency>
        <Required type="2" schemaName="statuscode" displayName="Status Reason" parentSchemaName="lead" parentDisplayName="Lead" solution="msdynce_LeadManagement (9.0.4.0066)">
          <package appName="Dynamics 365 Lead Management" version="9.0.24114.10001">msdynce_LeadManagementAnchor (9.0.24114.10001)</package>
        </Required>
        <Dependent type="60" displayName="Information" parentDisplayName="Lead" id="{9886ead0-4fcc-4747-9a18-08e7a9a6de71}" />
      </MissingDependency>
      <MissingDependency>
        <Required type="2" schemaName="subject" displayName="Topic" parentSchemaName="lead" parentDisplayName="Lead" solution="msdynce_LeadManagement (9.0.4.0066)">
          <package appName="Dynamics 365 Lead Management" version="9.0.24114.10001">msdynce_LeadManagementAnchor (9.0.24114.10001)</package>
        </Required>
        <Dependent type="60" displayName="Information" parentDisplayName="Lead" id="{9886ead0-4fcc-4747-9a18-08e7a9a6de71}" />
      </MissingDependency>
      <MissingDependency>
        <Required type="2" schemaName="telephone1" displayName="Business Phone" parentSchemaName="lead" parentDisplayName="Lead" solution="msdynce_LeadManagement (9.0.4.0066)">
          <package appName="Dynamics 365 Lead Management" version="9.0.24114.10001">msdynce_LeadManagementAnchor (9.0.24114.10001)</package>
        </Required>
        <Dependent type="60" displayName="Information" parentDisplayName="Lead" id="{9886ead0-4fcc-4747-9a18-08e7a9a6de71}" />
      </MissingDependency>
      <MissingDependency>
        <Required type="2" schemaName="telephone2" displayName="Home Phone" parentSchemaName="lead" parentDisplayName="Lead" solution="msdynce_LeadManagement (9.0.4.0066)">
          <package appName="Dynamics 365 Lead Management" version="9.0.24114.10001">msdynce_LeadManagementAnchor (9.0.24114.10001)</package>
        </Required>
        <Dependent type="60" displayName="Information" parentDisplayName="Lead" id="{9886ead0-4fcc-4747-9a18-08e7a9a6de71}" />
      </MissingDependency>
      <MissingDependency>
        <Required type="2" schemaName="telephone3" displayName="Other Phone" parentSchemaName="lead" parentDisplayName="Lead" solution="msdynce_LeadManagement (9.0.4.0066)">
          <package appName="Dynamics 365 Lead Management" version="9.0.24114.10001">msdynce_LeadManagementAnchor (9.0.24114.10001)</package>
        </Required>
        <Dependent type="60" displayName="Information" parentDisplayName="Lead" id="{9886ead0-4fcc-4747-9a18-08e7a9a6de71}" />
      </MissingDependency>
      <MissingDependency>
        <Required type="2" schemaName="transactioncurrencyid" displayName="Currency" parentSchemaName="lead" parentDisplayName="Lead" solution="msdynce_LeadManagement (9.0.4.0066)">
          <package appName="Dynamics 365 Lead Management" version="9.0.24114.10001">msdynce_LeadManagementAnchor (9.0.24114.10001)</package>
        </Required>
        <Dependent type="60" displayName="Information" parentDisplayName="Lead" id="{9886ead0-4fcc-4747-9a18-08e7a9a6de71}" />
      </MissingDependency>
      <MissingDependency>
        <Required type="2" schemaName="websiteurl" displayName="Website" parentSchemaName="lead" parentDisplayName="Lead" solution="msdynce_LeadManagement (9.0.4.0066)">
          <package appName="Dynamics 365 Lead Management" version="9.0.24114.10001">msdynce_LeadManagementAnchor (9.0.24114.10001)</package>
        </Required>
        <Dependent type="60" displayName="Information" parentDisplayName="Lead" id="{9886ead0-4fcc-4747-9a18-08e7a9a6de71}" />
      </MissingDependency>
      <MissingDependency>
        <Required type="2" schemaName="yomifullname" displayName="Yomi Full Name" parentSchemaName="lead" parentDisplayName="Lead" solution="msdynce_LeadManagement (9.0.4.0066)">
          <package appName="Dynamics 365 Lead Management" version="9.0.24114.10001">msdynce_LeadManagementAnchor (9.0.24114.10001)</package>
        </Required>
        <Dependent type="10" schemaName="bpf_lead_rdu_carsalesprocess" displayName="bpf_lead_rdu_carsalesprocess" parentSchemaName="lead" parentDisplayName="Lead" />
      </MissingDependency>
      <MissingDependency>
        <Required type="2" schemaName="campaignid" displayName="Source Campaign" parentSchemaName="opportunity" parentDisplayName="Opportunity" solution="msdynce_MarketingSales (9.0.4.29)">
          <package appName="Dynamics 365 Marketing Sales" version="9.0.24112.10001">msdynce_MarketingSalesAnchor (9.0.24112.10001)</package>
        </Required>
        <Dependent type="60" displayName="Information" parentDisplayName="Opportunity" id="{a2a56263-ec37-4991-a3b0-e7b37a71d818}" />
      </MissingDependency>
      <MissingDependency>
        <Required type="2" schemaName="closeprobability" displayName="Probability" parentSchemaName="opportunity" parentDisplayName="Opportunity" solution="msdynce_Sales (9.0.4.0076)">
          <package appName="Dynamics 365 Core Sales" version="9.0.24114.10002">msdynce_SalesAnchor (9.0.24114.10002)</package>
        </Required>
        <Dependent type="60" displayName="Information" parentDisplayName="Opportunity" id="{a2a56263-ec37-4991-a3b0-e7b37a71d818}" />
      </MissingDependency>
      <MissingDependency>
        <Required type="2" schemaName="customerid" displayName="Potential Customer" parentSchemaName="opportunity" parentDisplayName="Opportunity" solution="msdynce_Sales (9.0.4.0076)">
          <package appName="Dynamics 365 Core Sales" version="9.0.24114.10002">msdynce_SalesAnchor (9.0.24114.10002)</package>
        </Required>
        <Dependent type="60" displayName="Information" parentDisplayName="Opportunity" id="{a2a56263-ec37-4991-a3b0-e7b37a71d818}" />
      </MissingDependency>
      <MissingDependency>
        <Required type="2" schemaName="description" displayName="Description" parentSchemaName="opportunity" parentDisplayName="Opportunity" solution="msdynce_Sales (9.0.4.0076)">
          <package appName="Dynamics 365 Core Sales" version="9.0.24114.10002">msdynce_SalesAnchor (9.0.24114.10002)</package>
        </Required>
        <Dependent type="60" displayName="Information" parentDisplayName="Opportunity" id="{a2a56263-ec37-4991-a3b0-e7b37a71d818}" />
      </MissingDependency>
      <MissingDependency>
        <Required type="2" schemaName="discountamount" displayName="Opportunity Discount Amount" parentSchemaName="opportunity" parentDisplayName="Opportunity" solution="msdynce_Sales (9.0.4.0076)">
          <package appName="Dynamics 365 Core Sales" version="9.0.24114.10002">msdynce_SalesAnchor (9.0.24114.10002)</package>
        </Required>
        <Dependent type="60" displayName="Information" parentDisplayName="Opportunity" id="{a2a56263-ec37-4991-a3b0-e7b37a71d818}" />
      </MissingDependency>
      <MissingDependency>
        <Required type="2" schemaName="discountpercentage" displayName="Opportunity Discount (%)" parentSchemaName="opportunity" parentDisplayName="Opportunity" solution="msdynce_Sales (9.0.4.0076)">
          <package appName="Dynamics 365 Core Sales" version="9.0.24114.10002">msdynce_SalesAnchor (9.0.24114.10002)</package>
        </Required>
        <Dependent type="60" displayName="Information" parentDisplayName="Opportunity" id="{a2a56263-ec37-4991-a3b0-e7b37a71d818}" />
      </MissingDependency>
      <MissingDependency>
        <Required type="2" schemaName="estimatedclosedate" displayName="Est. close date" parentSchemaName="opportunity" parentDisplayName="Opportunity" solution="msdynce_Sales (9.0.4.0076)">
          <package appName="Dynamics 365 Core Sales" version="9.0.24114.10002">msdynce_SalesAnchor (9.0.24114.10002)</package>
        </Required>
        <Dependent type="60" displayName="Information" parentDisplayName="Opportunity" id="{a2a56263-ec37-4991-a3b0-e7b37a71d818}" />
      </MissingDependency>
      <MissingDependency>
        <Required type="2" schemaName="estimatedclosedate" displayName="Est. close date" parentSchemaName="opportunity" parentDisplayName="Opportunity" solution="msdynce_Sales (9.0.4.0076)">
          <package appName="Dynamics 365 Core Sales" version="9.0.24114.10002">msdynce_SalesAnchor (9.0.24114.10002)</package>
        </Required>
        <Dependent type="60" displayName="Opportunities Dashboard" parentDisplayName="Opportunity" id="{f7e6d29b-1e3e-e711-80e1-00155d871bb4}" />
      </MissingDependency>
      <MissingDependency>
        <Required type="2" schemaName="estimatedvalue" displayName="Est. revenue" parentSchemaName="opportunity" parentDisplayName="Opportunity" solution="msdynce_Sales (9.0.4.0076)">
          <package appName="Dynamics 365 Core Sales" version="9.0.24114.10002">msdynce_SalesAnchor (9.0.24114.10002)</package>
        </Required>
        <Dependent type="60" displayName="Information" parentDisplayName="Opportunity" id="{a2a56263-ec37-4991-a3b0-e7b37a71d818}" />
      </MissingDependency>
      <MissingDependency>
        <Required type="2" schemaName="freightamount" displayName="Freight Amount" parentSchemaName="opportunity" parentDisplayName="Opportunity" solution="msdynce_Sales (9.0.4.0076)">
          <package appName="Dynamics 365 Core Sales" version="9.0.24114.10002">msdynce_SalesAnchor (9.0.24114.10002)</package>
        </Required>
        <Dependent type="60" displayName="Information" parentDisplayName="Opportunity" id="{a2a56263-ec37-4991-a3b0-e7b37a71d818}" />
      </MissingDependency>
      <MissingDependency>
        <Required type="2" schemaName="isrevenuesystemcalculated" displayName="Revenue" parentSchemaName="opportunity" parentDisplayName="Opportunity" solution="msdynce_Sales (9.0.4.0076)">
          <package appName="Dynamics 365 Core Sales" version="9.0.24114.10002">msdynce_SalesAnchor (9.0.24114.10002)</package>
        </Required>
        <Dependent type="60" displayName="Information" parentDisplayName="Opportunity" id="{a2a56263-ec37-4991-a3b0-e7b37a71d818}" />
      </MissingDependency>
      <MissingDependency>
        <Required type="2" schemaName="name" displayName="Topic" parentSchemaName="opportunity" parentDisplayName="Opportunity" solution="msdynce_Sales (9.0.4.0076)">
          <package appName="Dynamics 365 Core Sales" version="9.0.24114.10002">msdynce_SalesAnchor (9.0.24114.10002)</package>
        </Required>
        <Dependent type="10" schemaName="bpf_opportunity_rdu_carsalesprocess" displayName="bpf_opportunity_rdu_carsalesprocess" parentSchemaName="opportunity" parentDisplayName="Opportunity" />
      </MissingDependency>
      <MissingDependency>
        <Required type="2" schemaName="name" displayName="Topic" parentSchemaName="opportunity" parentDisplayName="Opportunity" solution="msdynce_Sales (9.0.4.0076)">
          <package appName="Dynamics 365 Core Sales" version="9.0.24114.10002">msdynce_SalesAnchor (9.0.24114.10002)</package>
        </Required>
        <Dependent type="29" displayName="Car Sales Process" id="{d0d1daec-6cbc-ef11-a72f-7c1e5275d49b}" />
      </MissingDependency>
      <MissingDependency>
        <Required type="2" schemaName="name" displayName="Topic" parentSchemaName="opportunity" parentDisplayName="Opportunity" solution="msdynce_Sales (9.0.4.0076)">
          <package appName="Dynamics 365 Core Sales" version="9.0.24114.10002">msdynce_SalesAnchor (9.0.24114.10002)</package>
        </Required>
        <Dependent type="60" displayName="Information" parentDisplayName="Opportunity" id="{a2a56263-ec37-4991-a3b0-e7b37a71d818}" />
      </MissingDependency>
      <MissingDependency>
        <Required type="2" schemaName="opportunityid" displayName="Opportunity" parentSchemaName="opportunity" parentDisplayName="Opportunity" solution="msdynce_Sales (9.0.4.0076)">
          <package appName="Dynamics 365 Core Sales" version="9.0.24114.10002">msdynce_SalesAnchor (9.0.24114.10002)</package>
        </Required>
        <Dependent type="29" displayName="Car Sales Process" id="{d0d1daec-6cbc-ef11-a72f-7c1e5275d49b}" />
      </MissingDependency>
      <MissingDependency>
        <Required type="2" schemaName="opportunityratingcode" displayName="Rating" parentSchemaName="opportunity" parentDisplayName="Opportunity" solution="msdynce_Sales (9.0.4.0076)">
          <package appName="Dynamics 365 Core Sales" version="9.0.24114.10002">msdynce_SalesAnchor (9.0.24114.10002)</package>
        </Required>
        <Dependent type="60" displayName="Information" parentDisplayName="Opportunity" id="{a2a56263-ec37-4991-a3b0-e7b37a71d818}" />
      </MissingDependency>
      <MissingDependency>
        <Required type="2" schemaName="originatingleadid" displayName="Originating Lead" parentSchemaName="opportunity" parentDisplayName="Opportunity" solution="msdynce_Sales (9.0.4.0076)">
          <package appName="Dynamics 365 Core Sales" version="9.0.24114.10002">msdynce_SalesAnchor (9.0.24114.10002)</package>
        </Required>
        <Dependent type="60" displayName="Information" parentDisplayName="Opportunity" id="{a2a56263-ec37-4991-a3b0-e7b37a71d818}" />
      </MissingDependency>
      <MissingDependency>
        <Required type="2" schemaName="ownerid" displayName="Owner" parentSchemaName="opportunity" parentDisplayName="Opportunity" solution="msdynce_Sales (9.0.4.0076)">
          <package appName="Dynamics 365 Core Sales" version="9.0.24114.10002">msdynce_SalesAnchor (9.0.24114.10002)</package>
        </Required>
        <Dependent type="60" displayName="Information" parentDisplayName="Opportunity" id="{a2a56263-ec37-4991-a3b0-e7b37a71d818}" />
      </MissingDependency>
      <MissingDependency>
        <Required type="2" schemaName="pricelevelid" displayName="Price List" parentSchemaName="opportunity" parentDisplayName="Opportunity" solution="msdynce_Sales (9.0.4.0076)">
          <package appName="Dynamics 365 Core Sales" version="9.0.24114.10002">msdynce_SalesAnchor (9.0.24114.10002)</package>
        </Required>
        <Dependent type="60" displayName="Information" parentDisplayName="Opportunity" id="{a2a56263-ec37-4991-a3b0-e7b37a71d818}" />
      </MissingDependency>
      <MissingDependency>
        <Required type="2" schemaName="statuscode" displayName="Status Reason" parentSchemaName="opportunity" parentDisplayName="Opportunity" solution="msdynce_Sales (9.0.4.0076)">
          <package appName="Dynamics 365 Core Sales" version="9.0.24114.10002">msdynce_SalesAnchor (9.0.24114.10002)</package>
        </Required>
        <Dependent type="60" displayName="Information" parentDisplayName="Opportunity" id="{a2a56263-ec37-4991-a3b0-e7b37a71d818}" />
      </MissingDependency>
      <MissingDependency>
        <Required type="2" schemaName="totalamount" displayName="Total Amount" parentSchemaName="opportunity" parentDisplayName="Opportunity" solution="msdynce_Sales (9.0.4.0076)">
          <package appName="Dynamics 365 Core Sales" version="9.0.24114.10002">msdynce_SalesAnchor (9.0.24114.10002)</package>
        </Required>
        <Dependent type="60" displayName="Information" parentDisplayName="Opportunity" id="{a2a56263-ec37-4991-a3b0-e7b37a71d818}" />
      </MissingDependency>
      <MissingDependency>
        <Required type="2" schemaName="totalamountlessfreight" displayName="Total Pre-Freight Amount" parentSchemaName="opportunity" parentDisplayName="Opportunity" solution="msdynce_Sales (9.0.4.0076)">
          <package appName="Dynamics 365 Core Sales" version="9.0.24114.10002">msdynce_SalesAnchor (9.0.24114.10002)</package>
        </Required>
        <Dependent type="60" displayName="Information" parentDisplayName="Opportunity" id="{a2a56263-ec37-4991-a3b0-e7b37a71d818}" />
      </MissingDependency>
      <MissingDependency>
        <Required type="2" schemaName="totallineitemamount" displayName="Total Detail Amount" parentSchemaName="opportunity" parentDisplayName="Opportunity" solution="msdynce_Sales (9.0.4.0076)">
          <package appName="Dynamics 365 Core Sales" version="9.0.24114.10002">msdynce_SalesAnchor (9.0.24114.10002)</package>
        </Required>
        <Dependent type="60" displayName="Information" parentDisplayName="Opportunity" id="{a2a56263-ec37-4991-a3b0-e7b37a71d818}" />
      </MissingDependency>
      <MissingDependency>
        <Required type="2" schemaName="totaltax" displayName="Total Tax" parentSchemaName="opportunity" parentDisplayName="Opportunity" solution="msdynce_Sales (9.0.4.0076)">
          <package appName="Dynamics 365 Core Sales" version="9.0.24114.10002">msdynce_SalesAnchor (9.0.24114.10002)</package>
        </Required>
        <Dependent type="60" displayName="Information" parentDisplayName="Opportunity" id="{a2a56263-ec37-4991-a3b0-e7b37a71d818}" />
      </MissingDependency>
      <MissingDependency>
        <Required type="2" schemaName="transactioncurrencyid" displayName="Currency" parentSchemaName="opportunity" parentDisplayName="Opportunity" solution="msdynce_Sales (9.0.4.0076)">
          <package appName="Dynamics 365 Core Sales" version="9.0.24114.10002">msdynce_SalesAnchor (9.0.24114.10002)</package>
        </Required>
        <Dependent type="60" displayName="Information" parentDisplayName="Opportunity" id="{a2a56263-ec37-4991-a3b0-e7b37a71d818}" />
      </MissingDependency>
      <MissingDependency>
        <Required type="2" schemaName="createdon" displayName="Created On" parentSchemaName="quote" parentDisplayName="Quote" solution="msdynce_Sales (9.0.4.0076)">
          <package appName="Dynamics 365 Core Sales" version="9.0.24114.10002">msdynce_SalesAnchor (9.0.24114.10002)</package>
        </Required>
        <Dependent type="60" displayName="Quotes Dashboard" parentDisplayName="Quote" id="{db86e637-863c-e711-80e0-00155d871bb4}" />
      </MissingDependency>
      <MissingDependency>
        <Required type="2" schemaName="name" displayName="Name" parentSchemaName="quote" parentDisplayName="Quote" solution="msdynce_Sales (9.0.4.0076)">
          <package appName="Dynamics 365 Core Sales" version="9.0.24114.10002">msdynce_SalesAnchor (9.0.24114.10002)</package>
        </Required>
        <Dependent type="10" schemaName="bpf_quote_rdu_carsalesprocess" displayName="bpf_quote_rdu_carsalesprocess" parentSchemaName="quote" parentDisplayName="Quote" />
      </MissingDependency>
      <MissingDependency>
        <Required type="2" schemaName="name" displayName="Name" parentSchemaName="quote" parentDisplayName="Quote" solution="msdynce_Sales (9.0.4.0076)">
          <package appName="Dynamics 365 Core Sales" version="9.0.24114.10002">msdynce_SalesAnchor (9.0.24114.10002)</package>
        </Required>
        <Dependent type="29" displayName="Car Sales Process" id="{d0d1daec-6cbc-ef11-a72f-7c1e5275d49b}" />
      </MissingDependency>
      <MissingDependency>
        <Required type="2" schemaName="pricelevelid" displayName="Price List" parentSchemaName="quote" parentDisplayName="Quote" solution="msdynce_Sales (9.0.4.0076)">
          <package appName="Dynamics 365 Core Sales" version="9.0.24114.10002">msdynce_SalesAnchor (9.0.24114.10002)</package>
        </Required>
        <Dependent type="29" displayName="Car Sales Process" id="{d0d1daec-6cbc-ef11-a72f-7c1e5275d49b}" />
      </MissingDependency>
      <MissingDependency>
        <Required type="2" schemaName="pricelevelid" displayName="Price List" parentSchemaName="quote" parentDisplayName="Quote" solution="msdynce_Sales (9.0.4.0076)">
          <package appName="Dynamics 365 Core Sales" version="9.0.24114.10002">msdynce_SalesAnchor (9.0.24114.10002)</package>
        </Required>
        <Dependent type="60" displayName="Information" parentDisplayName="Car Sales Process" id="{73ab9cff-f966-4a62-ac48-d6f1ec6859b7}" />
      </MissingDependency>
      <MissingDependency>
        <Required type="2" schemaName="quoteid" displayName="Quote" parentSchemaName="quote" parentDisplayName="Quote" solution="msdynce_Sales (9.0.4.0076)">
          <package appName="Dynamics 365 Core Sales" version="9.0.24114.10002">msdynce_SalesAnchor (9.0.24114.10002)</package>
        </Required>
        <Dependent type="29" displayName="Car Sales Process" id="{d0d1daec-6cbc-ef11-a72f-7c1e5275d49b}" />
      </MissingDependency>
      <MissingDependency>
        <Required type="2" schemaName="totalamount" displayName="Total amount" parentSchemaName="quote" parentDisplayName="Quote" solution="msdynce_Sales (9.0.4.0076)">
          <package appName="Dynamics 365 Core Sales" version="9.0.24114.10002">msdynce_SalesAnchor (9.0.24114.10002)</package>
        </Required>
        <Dependent type="29" displayName="Car Sales Process" id="{d0d1daec-6cbc-ef11-a72f-7c1e5275d49b}" />
      </MissingDependency>
      <MissingDependency>
        <Required type="2" schemaName="totalamount" displayName="Total amount" parentSchemaName="quote" parentDisplayName="Quote" solution="msdynce_Sales (9.0.4.0076)">
          <package appName="Dynamics 365 Core Sales" version="9.0.24114.10002">msdynce_SalesAnchor (9.0.24114.10002)</package>
        </Required>
        <Dependent type="60" displayName="Information" parentDisplayName="Car Sales Process" id="{73ab9cff-f966-4a62-ac48-d6f1ec6859b7}" />
      </MissingDependency>
      <MissingDependency>
        <Required type="26" schemaName="My Open Leads" displayName="My Open Leads" parentSchemaName="lead" parentDisplayName="Lead" solution="msdynce_LeadManagement (9.0.4.0066)" id="{00000000-0000-0000-00aa-000010001005}">
          <package appName="Dynamics 365 Lead Management" version="9.0.24114.10001">msdynce_LeadManagementAnchor (9.0.24114.10001)</package>
        </Required>
        <Dependent type="60" displayName="Leads Dashboard" parentDisplayName="Lead" id="{9a14ebb4-143e-e711-80e1-00155d871bb4}" />
      </MissingDependency>
      <MissingDependency>
        <Required type="26" schemaName="Open Leads" displayName="Open Leads" parentSchemaName="lead" parentDisplayName="Lead" solution="msdynce_LeadManagement (9.0.4.0066)" id="{00000000-0000-0000-00aa-000010001006}">
          <package appName="Dynamics 365 Lead Management" version="9.0.24114.10001">msdynce_LeadManagementAnchor (9.0.24114.10001)</package>
        </Required>
        <Dependent type="60" displayName="Leads Dashboard" parentDisplayName="Lead" id="{9a14ebb4-143e-e711-80e1-00155d871bb4}" />
      </MissingDependency>
      <MissingDependency>
        <Required type="26" schemaName="Closed Leads" displayName="Closed Leads" parentSchemaName="lead" parentDisplayName="Lead" solution="msdynce_LeadManagement (9.0.4.0066)" id="{00000000-0000-0000-00aa-000010001009}">
          <package appName="Dynamics 365 Lead Management" version="9.0.24114.10001">msdynce_LeadManagementAnchor (9.0.24114.10001)</package>
        </Required>
        <Dependent type="60" displayName="Leads Dashboard" parentDisplayName="Lead" id="{9a14ebb4-143e-e711-80e1-00155d871bb4}" />
      </MissingDependency>
      <MissingDependency>
        <Required type="26" schemaName="My Open Opportunities" displayName="My Open Opportunities" parentSchemaName="opportunity" parentDisplayName="Opportunity" solution="msdynce_Sales (9.0.4.0076)" id="{00000000-0000-0000-00aa-000010003000}">
          <package appName="Dynamics 365 Core Sales" version="9.0.24114.10002">msdynce_SalesAnchor (9.0.24114.10002)</package>
        </Required>
        <Dependent type="60" displayName="Opportunities Dashboard" parentDisplayName="Opportunity" id="{f7e6d29b-1e3e-e711-80e1-00155d871bb4}" />
      </MissingDependency>
      <MissingDependency>
        <Required type="26" schemaName="Open Opportunities" displayName="Open Opportunities" parentSchemaName="opportunity" parentDisplayName="Opportunity" solution="msdynce_Sales (9.0.4.0076)" id="{00000000-0000-0000-00aa-000010003001}">
          <package appName="Dynamics 365 Core Sales" version="9.0.24114.10002">msdynce_SalesAnchor (9.0.24114.10002)</package>
        </Required>
        <Dependent type="60" displayName="Opportunities Dashboard" parentDisplayName="Opportunity" id="{f7e6d29b-1e3e-e711-80e1-00155d871bb4}" />
      </MissingDependency>
      <MissingDependency>
        <Required type="26" schemaName="Closed Opportunities" displayName="Closed Opportunities" parentSchemaName="opportunity" parentDisplayName="Opportunity" solution="msdynce_Sales (9.0.4.0076)" id="{00000000-0000-0000-00aa-000010003006}">
          <package appName="Dynamics 365 Core Sales" version="9.0.24114.10002">msdynce_SalesAnchor (9.0.24114.10002)</package>
        </Required>
        <Dependent type="60" displayName="Opportunities Dashboard" parentDisplayName="Opportunity" id="{f7e6d29b-1e3e-e711-80e1-00155d871bb4}" />
      </MissingDependency>
      <MissingDependency>
        <Required type="26" schemaName="All Quotes" displayName="All Quotes" parentSchemaName="quote" parentDisplayName="Quote" solution="msdynce_Sales (9.0.4.0076)" id="{00000000-0000-0000-00aa-000010013100}">
          <package appName="Dynamics 365 Core Sales" version="9.0.24114.10002">msdynce_SalesAnchor (9.0.24114.10002)</package>
        </Required>
        <Dependent type="60" displayName="Quotes Dashboard" parentDisplayName="Quote" id="{db86e637-863c-e711-80e0-00155d871bb4}" />
      </MissingDependency>
      <MissingDependency>
        <Required type="26" schemaName="My Quotes" displayName="My Quotes" parentSchemaName="quote" parentDisplayName="Quote" solution="msdynce_Sales (9.0.4.0076)" id="{008fbb15-98e9-4c5d-a81a-e685ff8ccc2c}">
          <package appName="Dynamics 365 Core Sales" version="9.0.24114.10002">msdynce_SalesAnchor (9.0.24114.10002)</package>
        </Required>
        <Dependent type="60" displayName="Quotes Dashboard" parentDisplayName="Quote" id="{db86e637-863c-e711-80e0-00155d871bb4}" />
      </MissingDependency>
      <MissingDependency>
        <Required type="26" schemaName="Opportunity Product Inline Edit View" displayName="Opportunity Product Inline Edit View" parentSchemaName="opportunityproduct" parentDisplayName="Opportunity Product" solution="msdynce_Sales (9.0.4.0076)" id="{01010de7-749e-4fe6-8037-aca560a4fcbe}">
          <package appName="Dynamics 365 Core Sales" version="9.0.24114.10002">msdynce_SalesAnchor (9.0.24114.10002)</package>
        </Required>
        <Dependent type="60" displayName="Information" parentDisplayName="Opportunity" id="{a2a56263-ec37-4991-a3b0-e7b37a71d818}" />
      </MissingDependency>
      <MissingDependency>
        <Required type="26" schemaName="All Leads" displayName="All Leads" parentSchemaName="lead" parentDisplayName="Lead" solution="msdynce_LeadManagement (9.0.4.0066)" id="{5a926b99-3a5f-df11-ae90-00155d2e3002}">
          <package appName="Dynamics 365 Lead Management" version="9.0.24114.10001">msdynce_LeadManagementAnchor (9.0.24114.10001)</package>
        </Required>
        <Dependent type="60" displayName="Leads Dashboard" parentDisplayName="Lead" id="{9a14ebb4-143e-e711-80e1-00155d871bb4}" />
      </MissingDependency>
      <MissingDependency>
        <Required type="26" schemaName="Quote Associated View" displayName="Quote Associated View" parentSchemaName="quote" parentDisplayName="Quote" solution="msdynce_Sales (9.0.4.0076)" id="{642095db-91dd-4813-bb31-665a3a2bae61}">
          <package appName="Dynamics 365 Core Sales" version="9.0.24114.10002">msdynce_SalesAnchor (9.0.24114.10002)</package>
        </Required>
        <Dependent type="60" displayName="Information" parentDisplayName="Opportunity" id="{a2a56263-ec37-4991-a3b0-e7b37a71d818}" />
      </MissingDependency>
      <MissingDependency>
        <Required type="26" schemaName="All Opportunities" displayName="All Opportunities" parentSchemaName="opportunity" parentDisplayName="Opportunity" solution="msdynce_Sales (9.0.4.0076)" id="{c6f6fc1b-1b3e-e711-80e1-00155d871bb4}">
          <package appName="Dynamics 365 Core Sales" version="9.0.24114.10002">msdynce_SalesAnchor (9.0.24114.10002)</package>
        </Required>
        <Dependent type="60" displayName="Opportunities Dashboard" parentDisplayName="Opportunity" id="{f7e6d29b-1e3e-e711-80e1-00155d871bb4}" />
      </MissingDependency>
      <MissingDependency>
        <Required type="26" schemaName="Active Quotes" displayName="Active Quotes" parentSchemaName="quote" parentDisplayName="Quote" solution="msdynce_Sales (9.0.4.0076)" id="{cb46d7d1-f9d4-40b7-8a4c-187232647255}">
          <package appName="Dynamics 365 Core Sales" version="9.0.24114.10002">msdynce_SalesAnchor (9.0.24114.10002)</package>
        </Required>
        <Dependent type="60" displayName="Quotes Dashboard" parentDisplayName="Quote" id="{db86e637-863c-e711-80e0-00155d871bb4}" />
      </MissingDependency>
      <MissingDependency>
        <Required type="59" schemaName="Opportunities by Pipeline Phase" displayName="Opportunities by Pipeline Phase" parentSchemaName="opportunity" parentDisplayName="Opportunity" solution="msdynce_Sales (9.0.4.0076)" id="{166785b0-073a-e711-80e3-00155d42a416}">
          <package appName="Dynamics 365 Core Sales" version="9.0.24114.10002">msdynce_SalesAnchor (9.0.24114.10002)</package>
        </Required>
        <Dependent type="60" displayName="Opportunities Dashboard" parentDisplayName="Opportunity" id="{f7e6d29b-1e3e-e711-80e1-00155d871bb4}" />
      </MissingDependency>
      <MissingDependency>
        <Required type="59" schemaName="Quotes by Customer" displayName="Quotes by Customer" parentSchemaName="quote" parentDisplayName="Quote" solution="msdynce_Sales (9.0.4.0076)" id="{3ab1d76a-853c-e711-80e0-00155d871bb4}">
          <package appName="Dynamics 365 Core Sales" version="9.0.24114.10002">msdynce_SalesAnchor (9.0.24114.10002)</package>
        </Required>
        <Dependent type="60" displayName="Quotes Dashboard" parentDisplayName="Quote" id="{db86e637-863c-e711-80e0-00155d871bb4}" />
      </MissingDependency>
      <MissingDependency>
        <Required type="59" schemaName="Opportunities by Status – Column Chart" displayName="Opportunities by Status – Column Chart" parentSchemaName="opportunity" parentDisplayName="Opportunity" solution="msdynce_Sales (9.0.4.0076)" id="{4a534f35-1e3e-e711-80e1-00155d871bb4}">
          <package appName="Dynamics 365 Core Sales" version="9.0.24114.10002">msdynce_SalesAnchor (9.0.24114.10002)</package>
        </Required>
        <Dependent type="60" displayName="Opportunities Dashboard" parentDisplayName="Opportunity" id="{f7e6d29b-1e3e-e711-80e1-00155d871bb4}" />
      </MissingDependency>
      <MissingDependency>
        <Required type="59" schemaName="Quotes by Pricelist" displayName="Quotes by Pricelist" parentSchemaName="quote" parentDisplayName="Quote" solution="msdynce_Sales (9.0.4.0076)" id="{512436b4-853c-e711-80e0-00155d871bb4}">
          <package appName="Dynamics 365 Core Sales" version="9.0.24114.10002">msdynce_SalesAnchor (9.0.24114.10002)</package>
        </Required>
        <Dependent type="60" displayName="Quotes Dashboard" parentDisplayName="Quote" id="{db86e637-863c-e711-80e0-00155d871bb4}" />
      </MissingDependency>
      <MissingDependency>
        <Required type="59" schemaName="Opportunities by Account" displayName="Opportunities by Account" parentSchemaName="opportunity" parentDisplayName="Opportunity" solution="msdynce_Sales (9.0.4.0076)" id="{8ed63b02-1e3e-e711-80e1-00155d871bb4}">
          <package appName="Dynamics 365 Core Sales" version="9.0.24114.10002">msdynce_SalesAnchor (9.0.24114.10002)</package>
        </Required>
        <Dependent type="60" displayName="Opportunities Dashboard" parentDisplayName="Opportunity" id="{f7e6d29b-1e3e-e711-80e1-00155d871bb4}" />
      </MissingDependency>
      <MissingDependency>
        <Required type="59" schemaName="Leads by Owner (Tag Chart)" displayName="Leads by Owner (Tag Chart)" parentSchemaName="lead" parentDisplayName="Lead" solution="msdynce_LeadManagement (9.0.4.0066)" id="{b92a5119-193a-e711-80e3-00155d42a416}">
          <package appName="Dynamics 365 Lead Management" version="9.0.24114.10001">msdynce_LeadManagementAnchor (9.0.24114.10001)</package>
        </Required>
        <Dependent type="60" displayName="Leads Dashboard" parentDisplayName="Lead" id="{9a14ebb4-143e-e711-80e1-00155d871bb4}" />
      </MissingDependency>
      <MissingDependency>
        <Required type="59" schemaName="Leads by Source (DOUGHNUT)" displayName="Leads by Source (DOUGHNUT)" parentSchemaName="lead" parentDisplayName="Lead" solution="msdynce_LeadManagement (9.0.4.0066)" id="{d311600c-163a-e711-80e3-00155d42a416}">
          <package appName="Dynamics 365 Lead Management" version="9.0.24114.10001">msdynce_LeadManagementAnchor (9.0.24114.10001)</package>
        </Required>
        <Dependent type="60" displayName="Leads Dashboard" parentDisplayName="Lead" id="{9a14ebb4-143e-e711-80e1-00155d871bb4}" />
      </MissingDependency>
      <MissingDependency>
        <Required type="59" schemaName="Quotes by Status Reason" displayName="Quotes by Status Reason" parentSchemaName="quote" parentDisplayName="Quote" solution="msdynce_Sales (9.0.4.0076)" id="{d42a5af1-853c-e711-80e0-00155d871bb4}">
          <package appName="Dynamics 365 Core Sales" version="9.0.24114.10002">msdynce_SalesAnchor (9.0.24114.10002)</package>
        </Required>
        <Dependent type="60" displayName="Quotes Dashboard" parentDisplayName="Quote" id="{db86e637-863c-e711-80e0-00155d871bb4}" />
      </MissingDependency>
      <MissingDependency>
        <Required type="59" schemaName="Opportunities by Rating" displayName="Opportunities by Rating" parentSchemaName="opportunity" parentDisplayName="Opportunity" solution="msdynce_Sales (9.0.4.0076)" id="{e91f96d7-1d3e-e711-80e1-00155d871bb4}">
          <package appName="Dynamics 365 Core Sales" version="9.0.24114.10002">msdynce_SalesAnchor (9.0.24114.10002)</package>
        </Required>
        <Dependent type="60" displayName="Opportunities Dashboard" parentDisplayName="Opportunity" id="{f7e6d29b-1e3e-e711-80e1-00155d871bb4}" />
      </MissingDependency>
      <MissingDependency>
        <Required type="59" schemaName="Quotes by Owner" displayName="Quotes by Owner" parentSchemaName="quote" parentDisplayName="Quote" solution="msdynce_Sales (9.0.4.0076)" id="{eef5a58e-853c-e711-80e0-00155d871bb4}">
          <package appName="Dynamics 365 Core Sales" version="9.0.24114.10002">msdynce_SalesAnchor (9.0.24114.10002)</package>
        </Required>
        <Dependent type="60" displayName="Quotes Dashboard" parentDisplayName="Quote" id="{db86e637-863c-e711-80e0-00155d871bb4}" />
      </MissingDependency>
      <MissingDependency>
        <Required type="59" schemaName="Leads by Rating" displayName="Leads by Rating" parentSchemaName="lead" parentDisplayName="Lead" solution="msdynce_LeadManagement (9.0.4.0066)" id="{f5976c58-5693-de11-97d4-00155da3b01e}">
          <package appName="Dynamics 365 Lead Management" version="9.0.24114.10001">msdynce_LeadManagementAnchor (9.0.24114.10001)</package>
        </Required>
        <Dependent type="60" displayName="Leads Dashboard" parentDisplayName="Lead" id="{9a14ebb4-143e-e711-80e1-00155d871bb4}" />
      </MissingDependency>
      <MissingDependency>
        <Required type="60" displayName="Information" parentDisplayName="Lead" solution="msdynce_LeadManagement (9.0.4.0066)" id="{9886ead0-4fcc-4747-9a18-08e7a9a6de71}">
          <package appName="Dynamics 365 Lead Management" version="9.0.24114.10001">msdynce_LeadManagementAnchor (9.0.24114.10001)</package>
        </Required>
        <Dependent type="60" displayName="Information" parentDisplayName="Lead" id="{9886ead0-4fcc-4747-9a18-08e7a9a6de71}" />
      </MissingDependency>
      <MissingDependency>
        <Required type="60" displayName="Leads Dashboard" parentDisplayName="Lead" solution="msdynce_LeadManagement (9.0.4.0066)" id="{9a14ebb4-143e-e711-80e1-00155d871bb4}">
          <package appName="Dynamics 365 Lead Management" version="9.0.24114.10001">msdynce_LeadManagementAnchor (9.0.24114.10001)</package>
        </Required>
        <Dependent type="60" displayName="Leads Dashboard" parentDisplayName="Lead" id="{9a14ebb4-143e-e711-80e1-00155d871bb4}" />
      </MissingDependency>
      <MissingDependency>
        <Required type="60" displayName="Information" parentDisplayName="Opportunity" solution="msdynce_Sales (9.0.4.0076)" id="{a2a56263-ec37-4991-a3b0-e7b37a71d818}">
          <package appName="Dynamics 365 Core Sales" version="9.0.24114.10002">msdynce_SalesAnchor (9.0.24114.10002)</package>
        </Required>
        <Dependent type="60" displayName="Information" parentDisplayName="Opportunity" id="{a2a56263-ec37-4991-a3b0-e7b37a71d818}" />
      </MissingDependency>
      <MissingDependency>
        <Required type="60" displayName="Quotes Dashboard" parentDisplayName="Quote" solution="msdynce_Sales (9.0.4.0076)" id="{db86e637-863c-e711-80e0-00155d871bb4}">
          <package appName="Dynamics 365 Core Sales" version="9.0.24114.10002">msdynce_SalesAnchor (9.0.24114.10002)</package>
        </Required>
        <Dependent type="60" displayName="Quotes Dashboard" parentDisplayName="Quote" id="{db86e637-863c-e711-80e0-00155d871bb4}" />
      </MissingDependency>
      <MissingDependency>
        <Required type="60" displayName="Opportunities Dashboard" parentDisplayName="Opportunity" solution="msdynce_Sales (9.0.4.0076)" id="{f7e6d29b-1e3e-e711-80e1-00155d871bb4}">
          <package appName="Dynamics 365 Core Sales" version="9.0.24114.10002">msdynce_SalesAnchor (9.0.24114.10002)</package>
        </Required>
        <Dependent type="60" displayName="Opportunities Dashboard" parentDisplayName="Opportunity" id="{f7e6d29b-1e3e-e711-80e1-00155d871bb4}" />
      </MissingDependency>
      <MissingDependency>
        <Required type="61" schemaName="msdyn_/ActivityFeeds.Form.js" displayName="msdyn_/ActivityFeeds.Form.js" solution="ActivityFeedsCore (9.0.0.0011)">
          <package appName="ActivityFeedsCore" version="9.0.0.0011">ActivityFeedsCore (9.0.0.0011)</package>
        </Required>
        <Dependent type="60" displayName="Information" parentDisplayName="Lead" id="{9886ead0-4fcc-4747-9a18-08e7a9a6de71}" />
      </MissingDependency>
      <MissingDependency>
        <Required type="61" schemaName="msdyn_/ActivityFeeds.Form.js" displayName="msdyn_/ActivityFeeds.Form.js" solution="ActivityFeedsCore (9.0.0.0011)">
          <package appName="ActivityFeedsCore" version="9.0.0.0011">ActivityFeedsCore (9.0.0.0011)</package>
        </Required>
        <Dependent type="60" displayName="Information" parentDisplayName="Opportunity" id="{a2a56263-ec37-4991-a3b0-e7b37a71d818}" />
      </MissingDependency>
      <MissingDependency>
        <Required type="61" schemaName="msdyn_/RecordWall.htm" displayName="msdyn_/RecordWall.htm" solution="ActivityFeedsCore (9.0.0.0011)">
          <package appName="ActivityFeedsCore" version="9.0.0.0011">ActivityFeedsCore (9.0.0.0011)</package>
        </Required>
        <Dependent type="60" displayName="Information" parentDisplayName="Lead" id="{9886ead0-4fcc-4747-9a18-08e7a9a6de71}" />
      </MissingDependency>
      <MissingDependency>
        <Required type="61" schemaName="msdyn_/RecordWall.htm" displayName="msdyn_/RecordWall.htm" solution="ActivityFeedsCore (9.0.0.0011)">
          <package appName="ActivityFeedsCore" version="9.0.0.0011">ActivityFeedsCore (9.0.0.0011)</package>
        </Required>
        <Dependent type="60" displayName="Information" parentDisplayName="Opportunity" id="{a2a56263-ec37-4991-a3b0-e7b37a71d818}" />
      </MissingDependency>
    </MissingDependencies>
  </SolutionManifest>
</ImportExportXml>