{"name":"e30aa6c9-65b2-4659-8d54-3f8c703d45a6","id":"/providers/Microsoft.Flow/flows/e30aa6c9-65b2-4659-8d54-3f8c703d45a6","type":"Microsoft.Flow/flows","properties":{"apiId":"/providers/Microsoft.PowerApps/apis/shared_logicflows","displayName":"When an item is created or modified in SharePoint add a get rows SQL action","definition":{"metadata":{"workflowEntityId":null,"processAdvisorMetadata":null,"flowChargedByPaygo":null,"flowclientsuspensionreason":"None","flowclientsuspensiontime":null,"flowclientsuspensionreasondetails":null,"creator":{"id":"d2947b98-cca2-45d2-a50f-81d6abec3a8b","type":"User","tenantId":"4ae9c97c-d931-4a4c-8ceb-a0fca15da4ec"},"provisioningMethod":"FromDefinition","failureAlertSubscription":true,"clientLastModifiedTime":"2024-12-19T11:41:13.2393616Z","connectionKeySavedTimeKey":"2024-12-19T11:41:13.2393616Z"},"$schema":"https://schema.management.azure.com/providers/Microsoft.Logic/schemas/2016-06-01/workflowdefinition.json#","contentVersion":"1.0.0.0","parameters":{"$authentication":{"defaultValue":{},"type":"SecureObject"},"$connections":{"defaultValue":{},"type":"Object"}},"triggers":{"When_an_item_is_created_or_modified":{"recurrence":{"frequency":"Minute","interval":1,"startTime":null,"timeZone":null},"splitOn":"@triggerOutputs()?['body/value']","type":"OpenApiConnection","inputs":{"parameters":{"dataset":"https://xpluspl-my.sharepoint.com/personal/rafal_dudzinski_xplusglobal_com/","table":"3f1057dd-46cb-4960-bb0d-d76c37adf3c1"},"host":{"apiId":"/providers/Microsoft.PowerApps/apis/shared_sharepointonline","connectionName":"shared_sharepointonline","operationId":"GetOnUpdatedItems"},"authentication":"@parameters('$authentication')"}}},"actions":{"Get_rows_(V2)":{"runAfter":{},"type":"OpenApiConnection","inputs":{"parameters":{"server":"default","database":"default","table":"[dbo].[Training_SpecsTable]","$filter":"@concat('ListItemId eq ', triggerBody()?['ID'])"},"host":{"apiId":"/providers/Microsoft.PowerApps/apis/shared_sql","connectionName":"shared_sql","operationId":"GetItems_V2"},"authentication":"@parameters('$authentication')"}},"Condition":{"actions":{"For_each":{"foreach":"@outputs('Get_rows_(V2)')?['body/value']","actions":{"Condition_(exists_in_SQL)":{"actions":{"Update_row_(V2)":{"type":"OpenApiConnection","inputs":{"parameters":{"server":"default","database":"default","table":"[dbo].[Training_SpecsTable]","id":"@item()?['Id']","item/Title":"@triggerBody()?['Title']","item/Is_TDD_Complete":"@triggerBody()?['IsTDDcomplete']","item/Is_FDD_Complete":"@triggerBody()?['IsFDDcomplete']","item/SpecsURL":"@triggerBody()?['SpecsURL']","item/Budget_In_Hours":"@triggerBody()?['Budgetinhours']"},"host":{"apiId":"/providers/Microsoft.PowerApps/apis/shared_sql","connectionName":"shared_sql","operationId":"PatchItem_V2"},"authentication":"@parameters('$authentication')"}}},"else":{"actions":{}},"expression":{"and":[{"equals":["@items('For_each')?['ListItemId']","@triggerBody()?['ID']"]}]},"type":"If"}},"type":"Foreach"}},"runAfter":{"Get_rows_(V2)":["Succeeded"]},"else":{"actions":{"Insert_row_(V2)":{"type":"OpenApiConnection","inputs":{"parameters":{"server":"default","database":"default","table":"[dbo].[Training_SpecsTable]","item/ListItemId":"@triggerBody()?['ID']","item/Title":"@triggerBody()?['Title']","item/Is_TDD_Complete":"@triggerBody()?['IsTDDcomplete']","item/Is_FDD_Complete":"@triggerBody()?['IsFDDcomplete']","item/SpecsURL":"@triggerBody()?['SpecsURL']","item/Budget_In_Hours":"@triggerBody()?['Budgetinhours']"},"host":{"apiId":"/providers/Microsoft.PowerApps/apis/shared_sql","connectionName":"shared_sql","operationId":"PostItem_V2"},"authentication":"@parameters('$authentication')"}}}},"expression":{"and":[{"greater":["@length(outputs('Get_rows_(V2)')?['body/value'])",0]}]},"type":"If"}},"outputs":{}},"connectionReferences":{"shared_sharepointonline":{"connectionName":"shared-sharepointonl-3c04598b-b515-4899-b4fe-364ba4e05fcf","source":"Embedded","id":"/providers/Microsoft.PowerApps/apis/shared_sharepointonline","tier":"NotSpecified"},"shared_sql":{"connectionName":"shared-sql-81e6dd28-5f65-41fd-a58a-074f198e7dc4","source":"Embedded","id":"/providers/Microsoft.PowerApps/apis/shared_sql","tier":"NotSpecified"}},"flowFailureAlertSubscribed":false,"isManaged":false}}