{"name":"0d21a98b-54b8-4032-807d-b66f2b5f1cb5","id":"/providers/Microsoft.Flow/flows/0d21a98b-54b8-4032-807d-b66f2b5f1cb5","type":"Microsoft.Flow/flows","properties":{"apiId":"/providers/Microsoft.PowerApps/apis/shared_logicflows","displayName":"Send myself a reminder in 10 minutes","definition":{"metadata":{"workflowEntityId":null,"processAdvisorMetadata":null,"flowChargedByPaygo":null,"flowclientsuspensionreason":"None","flowclientsuspensiontime":null,"flowclientsuspensionreasondetails":null,"creator":{"id":"d2947b98-cca2-45d2-a50f-81d6abec3a8b","type":"User","tenantId":"4ae9c97c-d931-4a4c-8ceb-a0fca15da4ec"},"provisioningMethod":"FromDefinition","failureAlertSubscription":true,"clientLastModifiedTime":"2024-12-18T12:23:58.8829331Z","connectionKeySavedTimeKey":"2024-12-18T12:23:58.8829331Z"},"$schema":"https://schema.management.azure.com/providers/Microsoft.Logic/schemas/2016-06-01/workflowdefinition.json#","contentVersion":"1.0.0.0","parameters":{"$authentication":{"defaultValue":{},"type":"SecureObject"},"$connections":{"defaultValue":{},"type":"Object"}},"triggers":{"manual":{"type":"Request","kind":"Button","inputs":{"schema":{"type":"object","properties":{"number":{"description":"Enter time","title":"Time","type":"number","x-ms-content-hint":"NUMBER","x-ms-dynamically-added":true}},"required":["number"]}}}},"actions":{"Delay":{"runAfter":{},"type":"Wait","inputs":{"interval":{"count":"@triggerBody()?['number']","unit":"Minute"}}},"Send_a_push_notification":{"runAfter":{"Delay":["Succeeded"]},"type":"OpenApiConnection","inputs":{"parameters":{"NotificationDefinition/notificationText":"Reminder by Power Automate"},"host":{"apiId":"/providers/Microsoft.PowerApps/apis/shared_flowpush","connectionName":"shared_flowpush","operationId":"SendNotification"},"authentication":{"value":"@json(decodeBase64(triggerOutputs().headers['X-MS-APIM-Tokens']))['$ConnectionKey']","type":"Raw"}}}},"outputs":{},"description":"Use this template to send yourself a custom delayed reminder which can be triggered with a button tap - for example, when you are close to completing a meeting or when you step into the office."},"connectionReferences":{"shared_flowpush":{"connectionName":"shared-flowpush-70f8ecb8-3e10-46e4-9383-00adfe6a5135","source":"Invoker","id":"/providers/Microsoft.PowerApps/apis/shared_flowpush","tier":"NotSpecified"}},"flowFailureAlertSubscribed":false,"isManaged":false}}