{"name":"f0167b51-52af-457d-ab28-70721b8f0e70","id":"/providers/Microsoft.Flow/flows/f0167b51-52af-457d-ab28-70721b8f0e70","type":"Microsoft.Flow/flows","properties":{"apiId":"/providers/Microsoft.PowerApps/apis/shared_logicflows","displayName":"(rdu) Call FinOps Custom Service","definition":{"metadata":{"workflowEntityId":null,"processAdvisorMetadata":null,"flowChargedByPaygo":null,"flowclientsuspensionreason":"None","flowclientsuspensiontime":null,"flowclientsuspensionreasondetails":null,"creator":{"id":"d2947b98-cca2-45d2-a50f-81d6abec3a8b","type":"User","tenantId":"4ae9c97c-d931-4a4c-8ceb-a0fca15da4ec"},"provisioningMethod":"FromDefinition","failureAlertSubscription":true,"clientLastModifiedTime":"2025-01-16T23:34:13.5696685Z","connectionKeySavedTimeKey":"2025-01-16T23:34:13.5696685Z"},"$schema":"https://schema.management.azure.com/providers/Microsoft.Logic/schemas/2016-06-01/workflowdefinition.json#","contentVersion":"undefined","parameters":{"$connections":{"defaultValue":{},"type":"Object"},"$authentication":{"defaultValue":{},"type":"SecureObject"}},"triggers":{"manual":{"metadata":{"operationMetadataId":"0b4556a6-9a64-4513-ba80-3b115e1864b2"},"type":"Request","kind":"Button","inputs":{"schema":{"type":"object","properties":{},"required":[]}}}},"actions":{"Call_FinOps_custom_service":{"runAfter":{"Get_Bearer_token_from_Entra":["Succeeded"]},"metadata":{"operationMetadataId":"f78a765f-6a02-49f9-88a0-3a8531ec402d"},"type":"Http","inputs":{"method":"POST","uri":"https://rdu-trn-dv-integr2e7c7ec1ffd40c73devaos.axcloud.dynamics.com/api/services/MonitoringAndDiagnosticsServices/AvailabilityService/getAvailabilty","headers":{"Authorization":"Bearer @{body('Get_Bearer_token_from_Entra').access_token}"},"body":{"password":"f77f9e54-966a-4603-a5da-0cc926d6aa7b","testName":"ReportingServiceAvailability","resultFormatStr":"xml"}}},"Get_Bearer_token_from_Entra":{"runAfter":{"Get_entra_tenant":["Succeeded"]},"metadata":{"operationMetadataId":"204cfd37-91f7-42ce-bdb5-b44233713b00"},"type":"Http","inputs":{"method":"POST","uri":"https://login.microsoftonline.com/@{body('Get_entra_tenant')}/oauth2/token","headers":{"Content-Type":"application/x-www-form-urlencoded"},"body":"@body('Get_entra_request')"}},"Get_entra_request":{"runAfter":{},"metadata":{"b!CAbldLF3TUe3R9LH_9FtzwKqyt3dF-pHgweYkFN5Qkeb0wJN6KjmQ4o7lKVsit91.01L3KBEVUD3U2JG64KKJE2CA7RXJI2T22E":"/Trainings/entra_request.txt","operationMetadataId":"6de694eb-db1b-42fe-9fdd-d99231db93a5"},"type":"OpenApiConnection","inputs":{"host":{"apiId":"/providers/Microsoft.PowerApps/apis/shared_onedriveforbusiness","connectionName":"shared_onedriveforbusiness_1","operationId":"GetFileContent"},"parameters":{"id":"b!CAbldLF3TUe3R9LH_9FtzwKqyt3dF-pHgweYkFN5Qkeb0wJN6KjmQ4o7lKVsit91.01L3KBEVUD3U2JG64KKJE2CA7RXJI2T22E","inferContentType":true},"authentication":{"value":"@json(decodeBase64(triggerOutputs().headers['X-MS-APIM-Tokens']))['$ConnectionKey']","type":"Raw"}}},"Get_entra_tenant":{"runAfter":{"Get_entra_request":["Succeeded"]},"metadata":{"b!CAbldLF3TUe3R9LH_9FtzwKqyt3dF-pHgweYkFN5Qkeb0wJN6KjmQ4o7lKVsit91.01L3KBEVWYIY6Y544MJRCZZEBA4BKRF3BT":"/Trainings/entra_tenant.txt","operationMetadataId":"43cd05bc-a580-4cf6-9bfc-914d499e4edc"},"type":"OpenApiConnection","inputs":{"host":{"apiId":"/providers/Microsoft.PowerApps/apis/shared_onedriveforbusiness","connectionName":"shared_onedriveforbusiness_1","operationId":"GetFileContent"},"parameters":{"id":"b!CAbldLF3TUe3R9LH_9FtzwKqyt3dF-pHgweYkFN5Qkeb0wJN6KjmQ4o7lKVsit91.01L3KBEVWYIY6Y544MJRCZZEBA4BKRF3BT","inferContentType":true},"authentication":{"value":"@json(decodeBase64(triggerOutputs().headers['X-MS-APIM-Tokens']))['$ConnectionKey']","type":"Raw"}}}}},"connectionReferences":{"shared_onedriveforbusiness_1":{"connectionName":"shared-onedriveforbu-930afb85-8f9f-42a2-83e4-93f0b0591809","source":"Invoker","id":"/providers/Microsoft.PowerApps/apis/shared_onedriveforbusiness","tier":"NotSpecified","apiName":"onedriveforbusiness"}},"flowFailureAlertSubscribed":false,"isManaged":false}}