<ImportExportXml version="9.2.24113.204" SolutionPackageVersion="9.2" languagecode="1033" generatedBy="CrmLive" xmlns:xsi="http://www.w3.org/2001/XMLSchema-instance" OrganizationVersion="9.2.24113.204" OrganizationSchemaType="Full" CRMServerServiceabilityVersion="9.2.24114.00228">
  <SolutionManifest>
    <UniqueName>rdu_022_SegmentInAccount</UniqueName>
    <LocalizedNames>
      <LocalizedName description="rdu_022_SegmentIn" languagecode="1033" />
    </LocalizedNames>
    <Descriptions>
      <Description description="Upgrade of rdu_022_SegmentIn" languagecode="1033" />
    </Descriptions>
    <Version>1.1.0.1</Version>
    <Managed>0</Managed>
    <Publisher>
      <UniqueName>rdu</UniqueName>
      <LocalizedNames>
        <LocalizedName description="rdu" languagecode="1033" />
      </LocalizedNames>
      <Descriptions />
      <EMailAddress xsi:nil="true"></EMailAddress>
      <SupportingWebsiteUrl xsi:nil="true"></SupportingWebsiteUrl>
      <CustomizationPrefix>rdu</CustomizationPrefix>
      <CustomizationOptionValuePrefix>90995</CustomizationOptionValuePrefix>
      <Addresses>
        <Address>
          <AddressNumber>1</AddressNumber>
          <AddressTypeCode>1</AddressTypeCode>
          <City xsi:nil="true"></City>
          <County xsi:nil="true"></County>
          <Country xsi:nil="true"></Country>
          <Fax xsi:nil="true"></Fax>
          <FreightTermsCode xsi:nil="true"></FreightTermsCode>
          <ImportSequenceNumber xsi:nil="true"></ImportSequenceNumber>
          <Latitude xsi:nil="true"></Latitude>
          <Line1 xsi:nil="true"></Line1>
          <Line2 xsi:nil="true"></Line2>
          <Line3 xsi:nil="true"></Line3>
          <Longitude xsi:nil="true"></Longitude>
          <Name xsi:nil="true"></Name>
          <PostalCode xsi:nil="true"></PostalCode>
          <PostOfficeBox xsi:nil="true"></PostOfficeBox>
          <PrimaryContactName xsi:nil="true"></PrimaryContactName>
          <ShippingMethodCode>1</ShippingMethodCode>
          <StateOrProvince xsi:nil="true"></StateOrProvince>
          <Telephone1 xsi:nil="true"></Telephone1>
          <Telephone2 xsi:nil="true"></Telephone2>
          <Telephone3 xsi:nil="true"></Telephone3>
          <TimeZoneRuleVersionNumber xsi:nil="true"></TimeZoneRuleVersionNumber>
          <UPSZone xsi:nil="true"></UPSZone>
          <UTCOffset xsi:nil="true"></UTCOffset>
          <UTCConversionTimeZoneCode xsi:nil="true"></UTCConversionTimeZoneCode>
        </Address>
        <Address>
          <AddressNumber>2</AddressNumber>
          <AddressTypeCode>1</AddressTypeCode>
          <City xsi:nil="true"></City>
          <County xsi:nil="true"></County>
          <Country xsi:nil="true"></Country>
          <Fax xsi:nil="true"></Fax>
          <FreightTermsCode xsi:nil="true"></FreightTermsCode>
          <ImportSequenceNumber xsi:nil="true"></ImportSequenceNumber>
          <Latitude xsi:nil="true"></Latitude>
          <Line1 xsi:nil="true"></Line1>
          <Line2 xsi:nil="true"></Line2>
          <Line3 xsi:nil="true"></Line3>
          <Longitude xsi:nil="true"></Longitude>
          <Name xsi:nil="true"></Name>
          <PostalCode xsi:nil="true"></PostalCode>
          <PostOfficeBox xsi:nil="true"></PostOfficeBox>
          <PrimaryContactName xsi:nil="true"></PrimaryContactName>
          <ShippingMethodCode>1</ShippingMethodCode>
          <StateOrProvince xsi:nil="true"></StateOrProvince>
          <Telephone1 xsi:nil="true"></Telephone1>
          <Telephone2 xsi:nil="true"></Telephone2>
          <Telephone3 xsi:nil="true"></Telephone3>
          <TimeZoneRuleVersionNumber xsi:nil="true"></TimeZoneRuleVersionNumber>
          <UPSZone xsi:nil="true"></UPSZone>
          <UTCOffset xsi:nil="true"></UTCOffset>
          <UTCConversionTimeZoneCode xsi:nil="true"></UTCConversionTimeZoneCode>
        </Address>
      </Addresses>
    </Publisher>
    <RootComponents>
      <RootComponent type="1" schemaName="account" behavior="2" />
      <RootComponent type="1" schemaName="cdm_company" behavior="1" />
      <RootComponent type="1" schemaName="rdu_segment" behavior="0" />
    </RootComponents>
    <MissingDependencies>
      <MissingDependency>
        <Required type="1" schemaName="cdm_company" displayName="Company" solution="Dynamics365Company (2.4.0.385)">
          <package appName="Microsoft Operations Virtual Entity" version="2.9.7.6">MicrosoftOperationsVEAnchor (2.9.7.6)</package>
          <package appName="Dual-write Application Core Solutions" version="2.4.0.337">msdyn_DualWriteAppCoreAnchor (2.4.0.337)</package>
        </Required>
        <Dependent type="1" schemaName="cdm_company" displayName="Company" />
      </MissingDependency>
      <MissingDependency>
        <Required type="1" schemaName="cdm_company" displayName="Company" solution="Dynamics365Company (2.4.0.385)">
          <package appName="Microsoft Operations Virtual Entity" version="2.9.7.6">MicrosoftOperationsVEAnchor (2.9.7.6)</package>
          <package appName="Dual-write Application Core Solutions" version="2.4.0.337">msdyn_DualWriteAppCoreAnchor (2.4.0.337)</package>
        </Required>
        <Dependent type="60" displayName="Account" parentDisplayName="Account" id="{8448b78f-8f42-454e-8e2a-f8196b0419af}" />
      </MissingDependency>
      <MissingDependency>
        <Required type="10" schemaName="msdyn_account_account_BillingAccount" displayName="msdyn_account_account_BillingAccount" parentSchemaName="account" parentDisplayName="Account" solution="FieldServiceCommon (1.0.0.134)">
          <package appName="Dual Write Finance and Extended Solutions" version="2.3.1.138">msdyn_Dynamics365FinanceExtendedAnchor (2.3.1.138)</package>
        </Required>
        <Dependent type="60" displayName="Account" parentDisplayName="Account" id="{8448b78f-8f42-454e-8e2a-f8196b0419af}" />
      </MissingDependency>
      <MissingDependency>
        <Required type="10" schemaName="msdyn_cdm_company_account_company" displayName="msdyn_cdm_company_account_company" parentSchemaName="cdm_company" parentDisplayName="Company" solution="Dynamics365FinanceExtended (2.3.1.138)">
          <package appName="Dual Write Finance and Extended Solutions" version="2.3.1.138">msdyn_Dynamics365FinanceExtendedAnchor (2.3.1.138)</package>
        </Required>
        <Dependent type="60" displayName="Account" parentDisplayName="Account" id="{8448b78f-8f42-454e-8e2a-f8196b0419af}" />
      </MissingDependency>
      <MissingDependency>
        <Required type="10" schemaName="msdyn_cdm_company_msdyn_customergroup_company" displayName="msdyn_cdm_company_msdyn_customergroup_company" parentSchemaName="cdm_company" parentDisplayName="Company" solution="Dynamics365FinanceExtended (2.3.1.138)">
          <package appName="Dual Write Finance and Extended Solutions" version="2.3.1.138">msdyn_Dynamics365FinanceExtendedAnchor (2.3.1.138)</package>
        </Required>
        <Dependent type="60" displayName="Account" parentDisplayName="Account" id="{8448b78f-8f42-454e-8e2a-f8196b0419af}" />
      </MissingDependency>
      <MissingDependency>
        <Required type="10" schemaName="msdyn_cdm_company_msdyn_customerpaymentmethod_company" displayName="msdyn_cdm_company_msdyn_customerpaymentmethod_company" parentSchemaName="cdm_company" parentDisplayName="Company" solution="Dynamics365FinanceExtended (2.3.1.138)">
          <package appName="Dual Write Finance and Extended Solutions" version="2.3.1.138">msdyn_Dynamics365FinanceExtendedAnchor (2.3.1.138)</package>
        </Required>
        <Dependent type="60" displayName="Account" parentDisplayName="Account" id="{8448b78f-8f42-454e-8e2a-f8196b0419af}" />
      </MissingDependency>
      <MissingDependency>
        <Required type="10" schemaName="msdyn_cdm_company_msdyn_paymentday_company" displayName="msdyn_cdm_company_msdyn_paymentday_company" parentSchemaName="cdm_company" parentDisplayName="Company" solution="Dynamics365FinanceExtended (2.3.1.138)">
          <package appName="Dual Write Finance and Extended Solutions" version="2.3.1.138">msdyn_Dynamics365FinanceExtendedAnchor (2.3.1.138)</package>
        </Required>
        <Dependent type="60" displayName="Account" parentDisplayName="Account" id="{8448b78f-8f42-454e-8e2a-f8196b0419af}" />
      </MissingDependency>
      <MissingDependency>
        <Required type="10" schemaName="msdyn_cdm_company_msdyn_paymentschedule_company" displayName="msdyn_cdm_company_msdyn_paymentschedule_company" parentSchemaName="cdm_company" parentDisplayName="Company" solution="Dynamics365FinanceExtended (2.3.1.138)">
          <package appName="Dual Write Finance and Extended Solutions" version="2.3.1.138">msdyn_Dynamics365FinanceExtendedAnchor (2.3.1.138)</package>
        </Required>
        <Dependent type="60" displayName="Account" parentDisplayName="Account" id="{8448b78f-8f42-454e-8e2a-f8196b0419af}" />
      </MissingDependency>
      <MissingDependency>
        <Required type="10" schemaName="msdyn_cdm_company_msdyn_paymentterm_company" displayName="msdyn_cdm_company_msdyn_paymentterm_company" parentSchemaName="cdm_company" parentDisplayName="Company" solution="Dynamics365FinanceExtended (2.3.1.138)">
          <package appName="Dual Write Finance and Extended Solutions" version="2.3.1.138">msdyn_Dynamics365FinanceExtendedAnchor (2.3.1.138)</package>
        </Required>
        <Dependent type="60" displayName="Account" parentDisplayName="Account" id="{8448b78f-8f42-454e-8e2a-f8196b0419af}" />
      </MissingDependency>
      <MissingDependency>
        <Required type="10" schemaName="msdyn_cdm_company_msdyn_taxgroup_company" displayName="msdyn_cdm_company_msdyn_taxgroup_company" parentSchemaName="cdm_company" parentDisplayName="Company" solution="Dynamics365FinanceExtended (2.3.1.138)">
          <package appName="Dual Write Finance and Extended Solutions" version="2.3.1.138">msdyn_Dynamics365FinanceExtendedAnchor (2.3.1.138)</package>
        </Required>
        <Dependent type="60" displayName="Account" parentDisplayName="Account" id="{8448b78f-8f42-454e-8e2a-f8196b0419af}" />
      </MissingDependency>
      <MissingDependency>
        <Required type="10" schemaName="msdyn_cdm_company_msdyn_vendor_company" displayName="msdyn_cdm_company_msdyn_vendor_company" parentSchemaName="cdm_company" parentDisplayName="Company" solution="Dynamics365FinanceExtended (2.3.1.138)">
          <package appName="Dual Write Finance and Extended Solutions" version="2.3.1.138">msdyn_Dynamics365FinanceExtendedAnchor (2.3.1.138)</package>
        </Required>
        <Dependent type="60" displayName="Account" parentDisplayName="Account" id="{8448b78f-8f42-454e-8e2a-f8196b0419af}" />
      </MissingDependency>
      <MissingDependency>
        <Required type="10" schemaName="msdyn_cdm_company_msdyn_vendorgroup_company" displayName="msdyn_cdm_company_msdyn_vendorgroup_company" parentSchemaName="cdm_company" parentDisplayName="Company" solution="Dynamics365FinanceExtended (2.3.1.138)">
          <package appName="Dual Write Finance and Extended Solutions" version="2.3.1.138">msdyn_Dynamics365FinanceExtendedAnchor (2.3.1.138)</package>
        </Required>
        <Dependent type="60" displayName="Account" parentDisplayName="Account" id="{8448b78f-8f42-454e-8e2a-f8196b0419af}" />
      </MissingDependency>
      <MissingDependency>
        <Required type="10" schemaName="msdyn_customergroup_account_customergroupid" displayName="msdyn_customergroup_account_customergroupid" parentSchemaName="msdyn_customergroup" parentDisplayName="Customer Group" solution="Dynamics365FinanceExtended (2.3.1.138)">
          <package appName="Dual Write Finance and Extended Solutions" version="2.3.1.138">msdyn_Dynamics365FinanceExtendedAnchor (2.3.1.138)</package>
        </Required>
        <Dependent type="60" displayName="Account" parentDisplayName="Account" id="{8448b78f-8f42-454e-8e2a-f8196b0419af}" />
      </MissingDependency>
      <MissingDependency>
        <Required type="10" schemaName="msdyn_customerpaymentmethod_account_customerpaymentmethod" displayName="msdyn_customerpaymentmethod_account_customerpaymentmethod" parentSchemaName="msdyn_customerpaymentmethod" parentDisplayName="Customer Payment Method" solution="Dynamics365FinanceExtended (2.3.1.138)">
          <package appName="Dual Write Finance and Extended Solutions" version="2.3.1.138">msdyn_Dynamics365FinanceExtendedAnchor (2.3.1.138)</package>
        </Required>
        <Dependent type="60" displayName="Account" parentDisplayName="Account" id="{8448b78f-8f42-454e-8e2a-f8196b0419af}" />
      </MissingDependency>
      <MissingDependency>
        <Required type="10" schemaName="msdyn_paymentday_account_paymentday" displayName="msdyn_paymentday_account_paymentday" parentSchemaName="msdyn_paymentday" parentDisplayName="Payment Day" solution="Dynamics365FinanceExtended (2.3.1.138)">
          <package appName="Dual Write Finance and Extended Solutions" version="2.3.1.138">msdyn_Dynamics365FinanceExtendedAnchor (2.3.1.138)</package>
        </Required>
        <Dependent type="60" displayName="Account" parentDisplayName="Account" id="{8448b78f-8f42-454e-8e2a-f8196b0419af}" />
      </MissingDependency>
      <MissingDependency>
        <Required type="10" schemaName="msdyn_paymentschedule_account_paymentschedule" displayName="msdyn_paymentschedule_account_paymentschedule" parentSchemaName="msdyn_paymentschedule" parentDisplayName="Payment Schedule" solution="Dynamics365FinanceExtended (2.3.1.138)">
          <package appName="Dual Write Finance and Extended Solutions" version="2.3.1.138">msdyn_Dynamics365FinanceExtendedAnchor (2.3.1.138)</package>
        </Required>
        <Dependent type="60" displayName="Account" parentDisplayName="Account" id="{8448b78f-8f42-454e-8e2a-f8196b0419af}" />
      </MissingDependency>
      <MissingDependency>
        <Required type="10" schemaName="msdyn_paymentterm_account_paymentterm" displayName="msdyn_paymentterm_account_paymentterm" parentSchemaName="msdyn_paymentterm" parentDisplayName="Payment Term" solution="Dynamics365FinanceExtended (2.3.1.138)">
          <package appName="Dual Write Finance and Extended Solutions" version="2.3.1.138">msdyn_Dynamics365FinanceExtendedAnchor (2.3.1.138)</package>
        </Required>
        <Dependent type="60" displayName="Account" parentDisplayName="Account" id="{8448b78f-8f42-454e-8e2a-f8196b0419af}" />
      </MissingDependency>
      <MissingDependency>
        <Required type="10" schemaName="msdyn_msdyn_segment_account" displayName="msdyn_msdyn_segment_account" parentSchemaName="msdyn_segment" parentDisplayName="Segment" solution="Active" />
        <Dependent type="60" displayName="Account" parentDisplayName="Account" id="{8448b78f-8f42-454e-8e2a-f8196b0419af}" />
      </MissingDependency>
      <MissingDependency>
        <Required type="10" schemaName="msdyn_taxgroup_account" displayName="msdyn_taxgroup_account" parentSchemaName="msdyn_taxgroup" parentDisplayName="Tax Group" solution="Dynamics365FinanceExtended (2.3.1.138)">
          <package appName="Dual Write Finance and Extended Solutions" version="2.3.1.138">msdyn_Dynamics365FinanceExtendedAnchor (2.3.1.138)</package>
        </Required>
        <Dependent type="60" displayName="Account" parentDisplayName="Account" id="{8448b78f-8f42-454e-8e2a-f8196b0419af}" />
      </MissingDependency>
      <MissingDependency>
        <Required type="10" schemaName="msdyn_msdyn_vendor_account_invoicevendoraccount" displayName="msdyn_msdyn_vendor_account_invoicevendoraccount" parentSchemaName="msdyn_vendor" parentDisplayName="Vendor" solution="Dynamics365FinanceExtended (2.3.1.138)">
          <package appName="Dual Write Finance and Extended Solutions" version="2.3.1.138">msdyn_Dynamics365FinanceExtendedAnchor (2.3.1.138)</package>
        </Required>
        <Dependent type="60" displayName="Account" parentDisplayName="Account" id="{8448b78f-8f42-454e-8e2a-f8196b0419af}" />
      </MissingDependency>
      <MissingDependency>
        <Required type="10" schemaName="msdyn_vendor_account_vendor" displayName="msdyn_vendor_account_vendor" parentSchemaName="msdyn_vendor" parentDisplayName="Vendor" solution="Dynamics365FinanceExtended (2.3.1.138)">
          <package appName="Dual Write Finance and Extended Solutions" version="2.3.1.138">msdyn_Dynamics365FinanceExtendedAnchor (2.3.1.138)</package>
        </Required>
        <Dependent type="60" displayName="Account" parentDisplayName="Account" id="{8448b78f-8f42-454e-8e2a-f8196b0419af}" />
      </MissingDependency>
      <MissingDependency>
        <Required type="10" schemaName="msdyn_msdyn_vendorgroup_account_vendorgroup" displayName="msdyn_msdyn_vendorgroup_account_vendorgroup" parentSchemaName="msdyn_vendorgroup" parentDisplayName="Vendor Group" solution="Dynamics365FinanceExtended (2.3.1.138)">
          <package appName="Dual Write Finance and Extended Solutions" version="2.3.1.138">msdyn_Dynamics365FinanceExtendedAnchor (2.3.1.138)</package>
        </Required>
        <Dependent type="60" displayName="Account" parentDisplayName="Account" id="{8448b78f-8f42-454e-8e2a-f8196b0419af}" />
      </MissingDependency>
      <MissingDependency>
        <Required type="10" schemaName="msdyn_msdyn_vendorpaymentmethod_account_defaultvendorpaymentmethodname" displayName="msdyn_msdyn_vendorpaymentmethod_account_defaultvendorpaymentmethodname" parentSchemaName="msdyn_vendorpaymentmethod" parentDisplayName="Vendor Payment Method" solution="Dynamics365FinanceExtended (2.3.1.138)">
          <package appName="Dual Write Finance and Extended Solutions" version="2.3.1.138">msdyn_Dynamics365FinanceExtendedAnchor (2.3.1.138)</package>
        </Required>
        <Dependent type="60" displayName="Account" parentDisplayName="Account" id="{8448b78f-8f42-454e-8e2a-f8196b0419af}" />
      </MissingDependency>
      <MissingDependency>
        <Required type="2" schemaName="defaultpricelevelid" displayName="Price List" parentSchemaName="account" parentDisplayName="Account" solution="msdynce_ProductManagement (9.0.4.0066)">
          <package appName="msdynce_ProductManagement" version="9.0.24114.10001">msdynce_ProductManagementAnchor (9.0.24114.10001)</package>
        </Required>
        <Dependent type="60" displayName="Account" parentDisplayName="Account" id="{8448b78f-8f42-454e-8e2a-f8196b0419af}" />
      </MissingDependency>
      <MissingDependency>
        <Required type="2" schemaName="defaultpricelevelid" displayName="Price List" parentSchemaName="account" parentDisplayName="Account" solution="msdynce_ProductManagement (9.0.4.0066)">
          <package appName="msdynce_ProductManagement" version="9.0.24114.10001">msdynce_ProductManagementAnchor (9.0.24114.10001)</package>
        </Required>
        <Dependent type="60" displayName="Information" parentDisplayName="Account" id="{b053a39a-041a-4356-acef-ddf00182762b}" />
      </MissingDependency>
      <MissingDependency>
        <Required type="2" schemaName="msdyn_billingaccount" displayName="Billing Account" parentSchemaName="account" parentDisplayName="Account" solution="FieldServiceCommon (1.0.0.134)">
          <package appName="Dual Write Finance and Extended Solutions" version="2.3.1.138">msdyn_Dynamics365FinanceExtendedAnchor (2.3.1.138)</package>
        </Required>
        <Dependent type="60" displayName="Account" parentDisplayName="Account" id="{8448b78f-8f42-454e-8e2a-f8196b0419af}" />
      </MissingDependency>
      <MissingDependency>
        <Required type="2" schemaName="msdyn_company" displayName="Company" parentSchemaName="account" parentDisplayName="Account" solution="Dynamics365FinanceExtended (2.3.1.138)">
          <package appName="Dual Write Finance and Extended Solutions" version="2.3.1.138">msdyn_Dynamics365FinanceExtendedAnchor (2.3.1.138)</package>
        </Required>
        <Dependent type="60" displayName="Account" parentDisplayName="Account" id="{8448b78f-8f42-454e-8e2a-f8196b0419af}" />
      </MissingDependency>
      <MissingDependency>
        <Required type="2" schemaName="msdyn_creditlimitismandatory" displayName="Credit Limit Is Mandatory" parentSchemaName="account" parentDisplayName="Account" solution="Dynamics365FinanceExtended (2.3.1.138)">
          <package appName="Dual Write Finance and Extended Solutions" version="2.3.1.138">msdyn_Dynamics365FinanceExtendedAnchor (2.3.1.138)</package>
        </Required>
        <Dependent type="60" displayName="Account" parentDisplayName="Account" id="{8448b78f-8f42-454e-8e2a-f8196b0419af}" />
      </MissingDependency>
      <MissingDependency>
        <Required type="2" schemaName="msdyn_creditrating" displayName="Credit Rating" parentSchemaName="account" parentDisplayName="Account" solution="Dynamics365FinanceExtended (2.3.1.138)">
          <package appName="Dual Write Finance and Extended Solutions" version="2.3.1.138">msdyn_Dynamics365FinanceExtendedAnchor (2.3.1.138)</package>
        </Required>
        <Dependent type="60" displayName="Account" parentDisplayName="Account" id="{8448b78f-8f42-454e-8e2a-f8196b0419af}" />
      </MissingDependency>
      <MissingDependency>
        <Required type="2" schemaName="msdyn_customergroupid" displayName="Customer Group Id" parentSchemaName="account" parentDisplayName="Account" solution="Dynamics365FinanceExtended (2.3.1.138)">
          <package appName="Dual Write Finance and Extended Solutions" version="2.3.1.138">msdyn_Dynamics365FinanceExtendedAnchor (2.3.1.138)</package>
        </Required>
        <Dependent type="60" displayName="Account" parentDisplayName="Account" id="{8448b78f-8f42-454e-8e2a-f8196b0419af}" />
      </MissingDependency>
      <MissingDependency>
        <Required type="2" schemaName="msdyn_customerpaymentmethod" displayName="Customer Payment Method" parentSchemaName="account" parentDisplayName="Account" solution="Dynamics365FinanceExtended (2.3.1.138)">
          <package appName="Dual Write Finance and Extended Solutions" version="2.3.1.138">msdyn_Dynamics365FinanceExtendedAnchor (2.3.1.138)</package>
        </Required>
        <Dependent type="60" displayName="Account" parentDisplayName="Account" id="{8448b78f-8f42-454e-8e2a-f8196b0419af}" />
      </MissingDependency>
      <MissingDependency>
        <Required type="2" schemaName="msdyn_defaultvendorpaymentmethodname" displayName="Methods of Payment" parentSchemaName="account" parentDisplayName="Account" solution="Dynamics365FinanceExtended (2.3.1.138)">
          <package appName="Dual Write Finance and Extended Solutions" version="2.3.1.138">msdyn_Dynamics365FinanceExtendedAnchor (2.3.1.138)</package>
        </Required>
        <Dependent type="60" displayName="Account" parentDisplayName="Account" id="{8448b78f-8f42-454e-8e2a-f8196b0419af}" />
      </MissingDependency>
      <MissingDependency>
        <Required type="2" schemaName="msdyn_emailaddress1description" displayName="Email Description" parentSchemaName="account" parentDisplayName="Account" solution="Dynamics365FinanceExtended (2.3.1.138)">
          <package appName="Dual Write Finance and Extended Solutions" version="2.3.1.138">msdyn_Dynamics365FinanceExtendedAnchor (2.3.1.138)</package>
        </Required>
        <Dependent type="60" displayName="Account" parentDisplayName="Account" id="{8448b78f-8f42-454e-8e2a-f8196b0419af}" />
      </MissingDependency>
      <MissingDependency>
        <Required type="2" schemaName="msdyn_faxdescription" displayName="Fax Description" parentSchemaName="account" parentDisplayName="Account" solution="Dynamics365FinanceExtended (2.3.1.138)">
          <package appName="Dual Write Finance and Extended Solutions" version="2.3.1.138">msdyn_Dynamics365FinanceExtendedAnchor (2.3.1.138)</package>
        </Required>
        <Dependent type="60" displayName="Account" parentDisplayName="Account" id="{8448b78f-8f42-454e-8e2a-f8196b0419af}" />
      </MissingDependency>
      <MissingDependency>
        <Required type="2" schemaName="msdyn_faxextension" displayName="Fax Extension" parentSchemaName="account" parentDisplayName="Account" solution="Dynamics365FinanceExtended (2.3.1.138)">
          <package appName="Dual Write Finance and Extended Solutions" version="2.3.1.138">msdyn_Dynamics365FinanceExtendedAnchor (2.3.1.138)</package>
        </Required>
        <Dependent type="60" displayName="Account" parentDisplayName="Account" id="{8448b78f-8f42-454e-8e2a-f8196b0419af}" />
      </MissingDependency>
      <MissingDependency>
        <Required type="2" schemaName="msdyn_identificationnumber" displayName="Identification Number" parentSchemaName="account" parentDisplayName="Account" solution="Dynamics365FinanceExtended (2.3.1.138)">
          <package appName="Dual Write Finance and Extended Solutions" version="2.3.1.138">msdyn_Dynamics365FinanceExtendedAnchor (2.3.1.138)</package>
        </Required>
        <Dependent type="60" displayName="Account" parentDisplayName="Account" id="{8448b78f-8f42-454e-8e2a-f8196b0419af}" />
      </MissingDependency>
      <MissingDependency>
        <Required type="2" schemaName="msdyn_invoiceaddress" displayName="Invoice Address" parentSchemaName="account" parentDisplayName="Account" solution="Dynamics365FinanceExtended (2.3.1.138)">
          <package appName="Dual Write Finance and Extended Solutions" version="2.3.1.138">msdyn_Dynamics365FinanceExtendedAnchor (2.3.1.138)</package>
        </Required>
        <Dependent type="60" displayName="Account" parentDisplayName="Account" id="{8448b78f-8f42-454e-8e2a-f8196b0419af}" />
      </MissingDependency>
      <MissingDependency>
        <Required type="2" schemaName="msdyn_invoicevendoraccount" displayName="Invoice Vendor Account" parentSchemaName="account" parentDisplayName="Account" solution="Dynamics365FinanceExtended (2.3.1.138)">
          <package appName="Dual Write Finance and Extended Solutions" version="2.3.1.138">msdyn_Dynamics365FinanceExtendedAnchor (2.3.1.138)</package>
        </Required>
        <Dependent type="60" displayName="Account" parentDisplayName="Account" id="{8448b78f-8f42-454e-8e2a-f8196b0419af}" />
      </MissingDependency>
      <MissingDependency>
        <Required type="2" schemaName="msdyn_language" displayName="Language" parentSchemaName="account" parentDisplayName="Account" solution="Dynamics365FinanceExtended (2.3.1.138)">
          <package appName="Dual Write Finance and Extended Solutions" version="2.3.1.138">msdyn_Dynamics365FinanceExtendedAnchor (2.3.1.138)</package>
        </Required>
        <Dependent type="60" displayName="Account" parentDisplayName="Account" id="{8448b78f-8f42-454e-8e2a-f8196b0419af}" />
      </MissingDependency>
      <MissingDependency>
        <Required type="2" schemaName="msdyn_onetimecustomer" displayName="Is One Time Customer" parentSchemaName="account" parentDisplayName="Account" solution="Dynamics365FinanceExtended (2.3.1.138)">
          <package appName="Dual Write Finance and Extended Solutions" version="2.3.1.138">msdyn_Dynamics365FinanceExtendedAnchor (2.3.1.138)</package>
        </Required>
        <Dependent type="60" displayName="Account" parentDisplayName="Account" id="{8448b78f-8f42-454e-8e2a-f8196b0419af}" />
      </MissingDependency>
      <MissingDependency>
        <Required type="2" schemaName="msdyn_onholdstatus" displayName="On Hold Status" parentSchemaName="account" parentDisplayName="Account" solution="Dynamics365FinanceExtended (2.3.1.138)">
          <package appName="Dual Write Finance and Extended Solutions" version="2.3.1.138">msdyn_Dynamics365FinanceExtendedAnchor (2.3.1.138)</package>
        </Required>
        <Dependent type="60" displayName="Account" parentDisplayName="Account" id="{8448b78f-8f42-454e-8e2a-f8196b0419af}" />
      </MissingDependency>
      <MissingDependency>
        <Required type="2" schemaName="msdyn_partycountry" displayName="Party Country" parentSchemaName="account" parentDisplayName="Account" solution="Dynamics365FinanceExtended (2.3.1.138)">
          <package appName="Dual Write Finance and Extended Solutions" version="2.3.1.138">msdyn_Dynamics365FinanceExtendedAnchor (2.3.1.138)</package>
        </Required>
        <Dependent type="60" displayName="Account" parentDisplayName="Account" id="{8448b78f-8f42-454e-8e2a-f8196b0419af}" />
      </MissingDependency>
      <MissingDependency>
        <Required type="2" schemaName="msdyn_partystateprovince" displayName="Party State/Province" parentSchemaName="account" parentDisplayName="Account" solution="Dynamics365FinanceExtended (2.3.1.138)">
          <package appName="Dual Write Finance and Extended Solutions" version="2.3.1.138">msdyn_Dynamics365FinanceExtendedAnchor (2.3.1.138)</package>
        </Required>
        <Dependent type="60" displayName="Account" parentDisplayName="Account" id="{8448b78f-8f42-454e-8e2a-f8196b0419af}" />
      </MissingDependency>
      <MissingDependency>
        <Required type="2" schemaName="msdyn_paymentday" displayName="Payment Day" parentSchemaName="account" parentDisplayName="Account" solution="Dynamics365FinanceExtended (2.3.1.138)">
          <package appName="Dual Write Finance and Extended Solutions" version="2.3.1.138">msdyn_Dynamics365FinanceExtendedAnchor (2.3.1.138)</package>
        </Required>
        <Dependent type="60" displayName="Account" parentDisplayName="Account" id="{8448b78f-8f42-454e-8e2a-f8196b0419af}" />
      </MissingDependency>
      <MissingDependency>
        <Required type="2" schemaName="msdyn_paymentschedule" displayName="Payment Schedule" parentSchemaName="account" parentDisplayName="Account" solution="Dynamics365FinanceExtended (2.3.1.138)">
          <package appName="Dual Write Finance and Extended Solutions" version="2.3.1.138">msdyn_Dynamics365FinanceExtendedAnchor (2.3.1.138)</package>
        </Required>
        <Dependent type="60" displayName="Account" parentDisplayName="Account" id="{8448b78f-8f42-454e-8e2a-f8196b0419af}" />
      </MissingDependency>
      <MissingDependency>
        <Required type="2" schemaName="msdyn_paymentterm" displayName="Payment Term" parentSchemaName="account" parentDisplayName="Account" solution="Dynamics365FinanceExtended (2.3.1.138)">
          <package appName="Dual Write Finance and Extended Solutions" version="2.3.1.138">msdyn_Dynamics365FinanceExtendedAnchor (2.3.1.138)</package>
        </Required>
        <Dependent type="60" displayName="Account" parentDisplayName="Account" id="{8448b78f-8f42-454e-8e2a-f8196b0419af}" />
      </MissingDependency>
      <MissingDependency>
        <Required type="2" schemaName="msdyn_paymenttermsbasedays" displayName="Payment Terms Base Days" parentSchemaName="account" parentDisplayName="Account" solution="Dynamics365FinanceExtended (2.3.1.138)">
          <package appName="Dual Write Finance and Extended Solutions" version="2.3.1.138">msdyn_Dynamics365FinanceExtendedAnchor (2.3.1.138)</package>
        </Required>
        <Dependent type="60" displayName="Account" parentDisplayName="Account" id="{8448b78f-8f42-454e-8e2a-f8196b0419af}" />
      </MissingDependency>
      <MissingDependency>
        <Required type="2" schemaName="msdyn_primaryfacebookdescription" displayName="Primary Facebook Description" parentSchemaName="account" parentDisplayName="Account" solution="Dynamics365FinanceExtended (2.3.1.138)">
          <package appName="Dual Write Finance and Extended Solutions" version="2.3.1.138">msdyn_Dynamics365FinanceExtendedAnchor (2.3.1.138)</package>
        </Required>
        <Dependent type="60" displayName="Account" parentDisplayName="Account" id="{8448b78f-8f42-454e-8e2a-f8196b0419af}" />
      </MissingDependency>
      <MissingDependency>
        <Required type="2" schemaName="msdyn_primaryfacebookid" displayName="Primary Facebook ID" parentSchemaName="account" parentDisplayName="Account" solution="Dynamics365FinanceExtended (2.3.1.138)">
          <package appName="Dual Write Finance and Extended Solutions" version="2.3.1.138">msdyn_Dynamics365FinanceExtendedAnchor (2.3.1.138)</package>
        </Required>
        <Dependent type="60" displayName="Account" parentDisplayName="Account" id="{8448b78f-8f42-454e-8e2a-f8196b0419af}" />
      </MissingDependency>
      <MissingDependency>
        <Required type="2" schemaName="msdyn_primarylinkedindescrption" displayName="Primary LinkedIn Descrption" parentSchemaName="account" parentDisplayName="Account" solution="Dynamics365FinanceExtended (2.3.1.138)">
          <package appName="Dual Write Finance and Extended Solutions" version="2.3.1.138">msdyn_Dynamics365FinanceExtendedAnchor (2.3.1.138)</package>
        </Required>
        <Dependent type="60" displayName="Account" parentDisplayName="Account" id="{8448b78f-8f42-454e-8e2a-f8196b0419af}" />
      </MissingDependency>
      <MissingDependency>
        <Required type="2" schemaName="msdyn_primarylinkedinid" displayName="Primary LinkedIn ID" parentSchemaName="account" parentDisplayName="Account" solution="Dynamics365FinanceExtended (2.3.1.138)">
          <package appName="Dual Write Finance and Extended Solutions" version="2.3.1.138">msdyn_Dynamics365FinanceExtendedAnchor (2.3.1.138)</package>
        </Required>
        <Dependent type="60" displayName="Account" parentDisplayName="Account" id="{8448b78f-8f42-454e-8e2a-f8196b0419af}" />
      </MissingDependency>
      <MissingDependency>
        <Required type="2" schemaName="msdyn_primarytwitteriddescription" displayName="Primary Twitter ID Description" parentSchemaName="account" parentDisplayName="Account" solution="Dynamics365FinanceExtended (2.3.1.138)">
          <package appName="Dual Write Finance and Extended Solutions" version="2.3.1.138">msdyn_Dynamics365FinanceExtendedAnchor (2.3.1.138)</package>
        </Required>
        <Dependent type="60" displayName="Account" parentDisplayName="Account" id="{8448b78f-8f42-454e-8e2a-f8196b0419af}" />
      </MissingDependency>
      <MissingDependency>
        <Required type="2" schemaName="msdyn_salestaxgroup" displayName="Sales Tax Group" parentSchemaName="account" parentDisplayName="Account" solution="Dynamics365FinanceExtended (2.3.1.138)">
          <package appName="Dual Write Finance and Extended Solutions" version="2.3.1.138">msdyn_Dynamics365FinanceExtendedAnchor (2.3.1.138)</package>
        </Required>
        <Dependent type="60" displayName="Account" parentDisplayName="Account" id="{8448b78f-8f42-454e-8e2a-f8196b0419af}" />
      </MissingDependency>
      <MissingDependency>
        <Required type="2" schemaName="msdyn_segmentid" displayName="Segment Id" parentSchemaName="account" parentDisplayName="Account" solution="Active" />
        <Dependent type="60" displayName="Account" parentDisplayName="Account" id="{8448b78f-8f42-454e-8e2a-f8196b0419af}" />
      </MissingDependency>
      <MissingDependency>
        <Required type="2" schemaName="msdyn_taxexempt" displayName="Tax Exempt" parentSchemaName="account" parentDisplayName="Account" solution="FieldServiceCommon (1.0.0.134)">
          <package appName="Dual Write Finance and Extended Solutions" version="2.3.1.138">msdyn_Dynamics365FinanceExtendedAnchor (2.3.1.138)</package>
        </Required>
        <Dependent type="60" displayName="Account" parentDisplayName="Account" id="{8448b78f-8f42-454e-8e2a-f8196b0419af}" />
      </MissingDependency>
      <MissingDependency>
        <Required type="2" schemaName="msdyn_taxexemptnumber" displayName="Tax Exempt Number" parentSchemaName="account" parentDisplayName="Account" solution="FieldServiceCommon (1.0.0.134)">
          <package appName="Dual Write Finance and Extended Solutions" version="2.3.1.138">msdyn_Dynamics365FinanceExtendedAnchor (2.3.1.138)</package>
        </Required>
        <Dependent type="60" displayName="Account" parentDisplayName="Account" id="{8448b78f-8f42-454e-8e2a-f8196b0419af}" />
      </MissingDependency>
      <MissingDependency>
        <Required type="2" schemaName="msdyn_telephone1description" displayName="Phone Description" parentSchemaName="account" parentDisplayName="Account" solution="Dynamics365FinanceExtended (2.3.1.138)">
          <package appName="Dual Write Finance and Extended Solutions" version="2.3.1.138">msdyn_Dynamics365FinanceExtendedAnchor (2.3.1.138)</package>
        </Required>
        <Dependent type="60" displayName="Account" parentDisplayName="Account" id="{8448b78f-8f42-454e-8e2a-f8196b0419af}" />
      </MissingDependency>
      <MissingDependency>
        <Required type="2" schemaName="msdyn_telephone1extension" displayName="Phone Extension" parentSchemaName="account" parentDisplayName="Account" solution="Dynamics365FinanceExtended (2.3.1.138)">
          <package appName="Dual Write Finance and Extended Solutions" version="2.3.1.138">msdyn_Dynamics365FinanceExtendedAnchor (2.3.1.138)</package>
        </Required>
        <Dependent type="60" displayName="Account" parentDisplayName="Account" id="{8448b78f-8f42-454e-8e2a-f8196b0419af}" />
      </MissingDependency>
      <MissingDependency>
        <Required type="2" schemaName="msdyn_vendor" displayName="Vendor" parentSchemaName="account" parentDisplayName="Account" solution="Dynamics365FinanceExtended (2.3.1.138)">
          <package appName="Dual Write Finance and Extended Solutions" version="2.3.1.138">msdyn_Dynamics365FinanceExtendedAnchor (2.3.1.138)</package>
        </Required>
        <Dependent type="60" displayName="Account" parentDisplayName="Account" id="{8448b78f-8f42-454e-8e2a-f8196b0419af}" />
      </MissingDependency>
      <MissingDependency>
        <Required type="2" schemaName="msdyn_vendorgroup" displayName="Vendor Group" parentSchemaName="account" parentDisplayName="Account" solution="Dynamics365FinanceExtended (2.3.1.138)">
          <package appName="Dual Write Finance and Extended Solutions" version="2.3.1.138">msdyn_Dynamics365FinanceExtendedAnchor (2.3.1.138)</package>
        </Required>
        <Dependent type="60" displayName="Account" parentDisplayName="Account" id="{8448b78f-8f42-454e-8e2a-f8196b0419af}" />
      </MissingDependency>
      <MissingDependency>
        <Required type="2" schemaName="msdyn_vendorknownasname" displayName="Vendor Known As" parentSchemaName="account" parentDisplayName="Account" solution="Dynamics365FinanceExtended (2.3.1.138)">
          <package appName="Dual Write Finance and Extended Solutions" version="2.3.1.138">msdyn_Dynamics365FinanceExtendedAnchor (2.3.1.138)</package>
        </Required>
        <Dependent type="60" displayName="Account" parentDisplayName="Account" id="{8448b78f-8f42-454e-8e2a-f8196b0419af}" />
      </MissingDependency>
      <MissingDependency>
        <Required type="2" schemaName="msdyn_websiteurldescription" displayName="Website Description" parentSchemaName="account" parentDisplayName="Account" solution="Dynamics365FinanceExtended (2.3.1.138)">
          <package appName="Dual Write Finance and Extended Solutions" version="2.3.1.138">msdyn_Dynamics365FinanceExtendedAnchor (2.3.1.138)</package>
        </Required>
        <Dependent type="60" displayName="Account" parentDisplayName="Account" id="{8448b78f-8f42-454e-8e2a-f8196b0419af}" />
      </MissingDependency>
      <MissingDependency>
        <Required type="2" schemaName="originatingleadid" displayName="Originating Lead" parentSchemaName="account" parentDisplayName="Account" solution="msdynce_LeadManagement (9.0.4.0066)">
          <package appName="msdynce_LeadManagement" version="9.0.24114.10001">msdynce_LeadManagementAnchor (9.0.24114.10001)</package>
        </Required>
        <Dependent type="60" displayName="Account" parentDisplayName="Account" id="{8448b78f-8f42-454e-8e2a-f8196b0419af}" />
      </MissingDependency>
      <MissingDependency>
        <Required type="2" schemaName="originatingleadid" displayName="Originating Lead" parentSchemaName="account" parentDisplayName="Account" solution="msdynce_LeadManagement (9.0.4.0066)">
          <package appName="msdynce_LeadManagement" version="9.0.24114.10001">msdynce_LeadManagementAnchor (9.0.24114.10001)</package>
        </Required>
        <Dependent type="60" displayName="Information" parentDisplayName="Account" id="{b053a39a-041a-4356-acef-ddf00182762b}" />
      </MissingDependency>
      <MissingDependency>
        <Required type="2" schemaName="territoryid" displayName="Territory" parentSchemaName="account" parentDisplayName="Account" solution="msdynce_Sales (9.0.4.0076)">
          <package appName="msdynce_Sales" version="9.0.24114.10004">msdynce_SalesAnchor (9.0.24114.10004)</package>
        </Required>
        <Dependent type="60" displayName="Information" parentDisplayName="Account" id="{b053a39a-041a-4356-acef-ddf00182762b}" />
      </MissingDependency>
      <MissingDependency>
        <Required type="2" schemaName="cdm_companycode" displayName="Company Code" parentSchemaName="cdm_company" parentDisplayName="Company" solution="Dynamics365Company (2.4.0.385)">
          <package appName="Microsoft Operations Virtual Entity" version="2.9.7.6">MicrosoftOperationsVEAnchor (2.9.7.6)</package>
          <package appName="Dual-write Application Core Solutions" version="2.4.0.337">msdyn_DualWriteAppCoreAnchor (2.4.0.337)</package>
        </Required>
        <Dependent type="10" schemaName="rdu_segment_Company_cdm_company" displayName="rdu_segment_Company_cdm_company" parentSchemaName="cdm_company" parentDisplayName="Company" />
      </MissingDependency>
      <MissingDependency>
        <Required type="26" schemaName="Customer Group Lookup View" displayName="Customer Group Lookup View" parentSchemaName="msdyn_customergroup" parentDisplayName="Customer Group" solution="Dynamics365FinanceExtended (2.3.1.138)" id="{15fafef0-fdd2-4319-8205-7fc7fe8ce89d}">
          <package appName="Dual Write Finance and Extended Solutions" version="2.3.1.138">msdyn_Dynamics365FinanceExtendedAnchor (2.3.1.138)</package>
        </Required>
        <Dependent type="60" displayName="Account" parentDisplayName="Account" id="{8448b78f-8f42-454e-8e2a-f8196b0419af}" />
      </MissingDependency>
      <MissingDependency>
        <Required type="26" schemaName="Payment Day Lookup View" displayName="Payment Day Lookup View" parentSchemaName="msdyn_paymentday" parentDisplayName="Payment Day" solution="Dynamics365FinanceExtended (2.3.1.138)" id="{1e39badb-eb21-4ca9-b83f-42497406c24b}">
          <package appName="Dual Write Finance and Extended Solutions" version="2.3.1.138">msdyn_Dynamics365FinanceExtendedAnchor (2.3.1.138)</package>
        </Required>
        <Dependent type="60" displayName="Account" parentDisplayName="Account" id="{8448b78f-8f42-454e-8e2a-f8196b0419af}" />
      </MissingDependency>
      <MissingDependency>
        <Required type="26" schemaName="Tax Group Lookup View" displayName="Tax Group Lookup View" parentSchemaName="msdyn_taxgroup" parentDisplayName="Tax Group" solution="Dynamics365FinanceExtended (2.3.1.138)" id="{3878031f-4a8d-479c-9ced-b9c0f3355185}">
          <package appName="Dual Write Finance and Extended Solutions" version="2.3.1.138">msdyn_Dynamics365FinanceExtendedAnchor (2.3.1.138)</package>
        </Required>
        <Dependent type="60" displayName="Account" parentDisplayName="Account" id="{8448b78f-8f42-454e-8e2a-f8196b0419af}" />
      </MissingDependency>
      <MissingDependency>
        <Required type="26" schemaName="Customer Payment Method Lookup View" displayName="Customer Payment Method Lookup View" parentSchemaName="msdyn_customerpaymentmethod" parentDisplayName="Customer Payment Method" solution="Dynamics365FinanceExtended (2.3.1.138)" id="{6e1c5efb-1877-4a5b-8620-61d53de91b6c}">
          <package appName="Dual Write Finance and Extended Solutions" version="2.3.1.138">msdyn_Dynamics365FinanceExtendedAnchor (2.3.1.138)</package>
        </Required>
        <Dependent type="60" displayName="Account" parentDisplayName="Account" id="{8448b78f-8f42-454e-8e2a-f8196b0419af}" />
      </MissingDependency>
      <MissingDependency>
        <Required type="26" schemaName="Payment Term Lookup View" displayName="Payment Term Lookup View" parentSchemaName="msdyn_paymentterm" parentDisplayName="Payment Term" solution="FieldServiceCommon (1.0.0.134)" id="{85721f2f-d176-4bf4-89a7-51163270f357}">
          <package appName="Dual Write Finance and Extended Solutions" version="2.3.1.138">msdyn_Dynamics365FinanceExtendedAnchor (2.3.1.138)</package>
        </Required>
        <Dependent type="60" displayName="Account" parentDisplayName="Account" id="{8448b78f-8f42-454e-8e2a-f8196b0419af}" />
      </MissingDependency>
      <MissingDependency>
        <Required type="26" schemaName="Payment Schedule Lookup View" displayName="Payment Schedule Lookup View" parentSchemaName="msdyn_paymentschedule" parentDisplayName="Payment Schedule" solution="Dynamics365FinanceExtended (2.3.1.138)" id="{8e5f0011-4827-4807-97ab-4c7e9a3d371d}">
          <package appName="Dual Write Finance and Extended Solutions" version="2.3.1.138">msdyn_Dynamics365FinanceExtendedAnchor (2.3.1.138)</package>
        </Required>
        <Dependent type="60" displayName="Account" parentDisplayName="Account" id="{8448b78f-8f42-454e-8e2a-f8196b0419af}" />
      </MissingDependency>
      <MissingDependency>
        <Required type="26" schemaName="Vendor Lookup View" displayName="Vendor Lookup View" parentSchemaName="msdyn_vendor" parentDisplayName="Vendor" solution="Dynamics365FinanceExtended (2.3.1.138)" id="{a1beb06b-2ba9-4f8a-b179-55d41b838c1a}">
          <package appName="Dual Write Finance and Extended Solutions" version="2.3.1.138">msdyn_Dynamics365FinanceExtendedAnchor (2.3.1.138)</package>
        </Required>
        <Dependent type="60" displayName="Account" parentDisplayName="Account" id="{8448b78f-8f42-454e-8e2a-f8196b0419af}" />
      </MissingDependency>
      <MissingDependency>
        <Required type="26" schemaName="Vendor Payment Method Lookup View" displayName="Vendor Payment Method Lookup View" parentSchemaName="msdyn_vendorpaymentmethod" parentDisplayName="Vendor Payment Method" solution="Dynamics365FinanceExtended (2.3.1.138)" id="{b08d2716-dcc1-4bb5-8951-6abf95b9533d}">
          <package appName="Dual Write Finance and Extended Solutions" version="2.3.1.138">msdyn_Dynamics365FinanceExtendedAnchor (2.3.1.138)</package>
        </Required>
        <Dependent type="60" displayName="Account" parentDisplayName="Account" id="{8448b78f-8f42-454e-8e2a-f8196b0419af}" />
      </MissingDependency>
      <MissingDependency>
        <Required type="26" schemaName="Vendor Group Lookup View" displayName="Vendor Group Lookup View" parentSchemaName="msdyn_vendorgroup" parentDisplayName="Vendor Group" solution="Dynamics365FinanceExtended (2.3.1.138)" id="{e4e6c54b-cb8c-4434-a645-25fc357d5d0a}">
          <package appName="Dual Write Finance and Extended Solutions" version="2.3.1.138">msdyn_Dynamics365FinanceExtendedAnchor (2.3.1.138)</package>
        </Required>
        <Dependent type="60" displayName="Account" parentDisplayName="Account" id="{8448b78f-8f42-454e-8e2a-f8196b0419af}" />
      </MissingDependency>
      <MissingDependency>
        <Required type="60" displayName="account contact card" parentDisplayName="Contact" solution="msdynce_AppCommon (9.0.4.0066)" id="{29de27bc-a257-4f29-99cf-bab4a84e688f}">
          <package appName="msdynce_AppCommon" version="9.0.24111.10001">msdynce_AppCommonAnchor (9.0.24111.10001)</package>
        </Required>
        <Dependent type="60" displayName="Account" parentDisplayName="Account" id="{8448b78f-8f42-454e-8e2a-f8196b0419af}" />
      </MissingDependency>
      <MissingDependency>
        <Required type="60" displayName="Account" parentDisplayName="Account" solution="msdynce_AppCommon (9.0.4.0066)" id="{8448b78f-8f42-454e-8e2a-f8196b0419af}">
          <package appName="msdynce_AppCommon" version="9.0.24111.10001">msdynce_AppCommonAnchor (9.0.24111.10001)</package>
        </Required>
        <Dependent type="60" displayName="Account" parentDisplayName="Account" id="{8448b78f-8f42-454e-8e2a-f8196b0419af}" />
      </MissingDependency>
      <MissingDependency>
        <Required type="60" displayName="Information" parentDisplayName="Account" solution="msdynce_AppCommon (9.0.4.0066)" id="{b053a39a-041a-4356-acef-ddf00182762b}">
          <package appName="msdynce_AppCommon" version="9.0.24111.10001">msdynce_AppCommonAnchor (9.0.24111.10001)</package>
        </Required>
        <Dependent type="60" displayName="Information" parentDisplayName="Account" id="{b053a39a-041a-4356-acef-ddf00182762b}" />
      </MissingDependency>
      <MissingDependency>
        <Required type="61" schemaName="AppCommon/Account/Account_main_system_library.js" displayName="AppCommon/Account/Account_main_system_library.js" solution="msdynce_AppCommon (9.0.4.0066)">
          <package appName="msdynce_AppCommon" version="9.0.24111.10001">msdynce_AppCommonAnchor (9.0.24111.10001)</package>
        </Required>
        <Dependent type="60" displayName="Information" parentDisplayName="Account" id="{b053a39a-041a-4356-acef-ddf00182762b}" />
      </MissingDependency>
      <MissingDependency>
        <Required type="61" schemaName="msdyn_/Account/AssetCommon.Account.Library.js" displayName="msdyn_/Account/AssetCommon.Account.Library.js" solution="msdyn_AssetCommon (1.0.50.1)">
          <package appName="msdynce_Service" version="9.0.24112.1002">msdynce_ServiceAnchor (9.0.24112.1002)</package>
        </Required>
        <Dependent type="60" displayName="Account" parentDisplayName="Account" id="{8448b78f-8f42-454e-8e2a-f8196b0419af}" />
      </MissingDependency>
      <MissingDependency>
        <Required type="61" schemaName="msdyn_/ActivityFeeds.Form.js" displayName="msdyn_/ActivityFeeds.Form.js" solution="ActivityFeedsCore (9.0.0.0011)">
          <package appName="ActivityFeedsCore" version="9.0.0.0011">ActivityFeedsCore (9.0.0.0011)</package>
        </Required>
        <Dependent type="60" displayName="Information" parentDisplayName="Account" id="{b053a39a-041a-4356-acef-ddf00182762b}" />
      </MissingDependency>
      <MissingDependency>
        <Required type="61" schemaName="msdyn_/DefaultCompany.js" displayName="msdyn_/DefaultCompany.js" solution="Dynamics365FinanceExtended (2.3.1.138)">
          <package appName="Dual Write Finance and Extended Solutions" version="2.3.1.138">msdyn_Dynamics365FinanceExtendedAnchor (2.3.1.138)</package>
        </Required>
        <Dependent type="60" displayName="Account" parentDisplayName="Account" id="{8448b78f-8f42-454e-8e2a-f8196b0419af}" />
      </MissingDependency>
      <MissingDependency>
        <Required type="61" schemaName="msdyn_/RecordWall.htm" displayName="msdyn_/RecordWall.htm" solution="ActivityFeedsCore (9.0.0.0011)">
          <package appName="ActivityFeedsCore" version="9.0.0.0011">ActivityFeedsCore (9.0.0.0011)</package>
        </Required>
        <Dependent type="60" displayName="Information" parentDisplayName="Account" id="{b053a39a-041a-4356-acef-ddf00182762b}" />
      </MissingDependency>
      <MissingDependency>
        <Required type="61" schemaName="msdyn_SalesOmniChannel/SalesPhoneNumber.Library.js" displayName="msdyn_SalesOmniChannel/SalesPhoneNumber.Library.js" solution="msdyn_SalesOmniChannel (9.1.24114.10003)">
          <package appName="msdyn_AcceleratedSales" version="9.1.24114.10003">msdyn_AcceleratedSalesAnchor (9.1.24114.10003)</package>
        </Required>
        <Dependent type="60" displayName="Account" parentDisplayName="Account" id="{8448b78f-8f42-454e-8e2a-f8196b0419af}" />
      </MissingDependency>
      <MissingDependency>
        <Required type="66" schemaName="Microsoft.AddressInputUCI" displayName="Microsoft.AddressInputUCI" solution="BaseCustomControlsCore (9.0.2411.3023)" />
        <Dependent type="60" displayName="Account" parentDisplayName="Account" id="{8448b78f-8f42-454e-8e2a-f8196b0419af}" />
      </MissingDependency>
      <MissingDependency>
        <Required type="66" schemaName="MscrmControls.CardFeedContainer.CardFeedContainer" displayName="MscrmControls.CardFeedContainer.CardFeedContainer" solution="BaseCustomControlsCore (9.0.2411.3023)" />
        <Dependent type="60" displayName="Account" parentDisplayName="Account" id="{8448b78f-8f42-454e-8e2a-f8196b0419af}" />
      </MissingDependency>
      <MissingDependency>
        <Required type="66" schemaName="msdyn_MscrmControls.TreeView.TreeViewControl" displayName="msdyn_MscrmControls.TreeView.TreeViewControl" solution="msdyn_AssetCommon (1.0.50.1)">
          <package appName="msdynce_Service" version="9.0.24112.1002">msdynce_ServiceAnchor (9.0.24112.1002)</package>
        </Required>
        <Dependent type="60" displayName="Account" parentDisplayName="Account" id="{8448b78f-8f42-454e-8e2a-f8196b0419af}" />
      </MissingDependency>
      <MissingDependency>
        <Required type="66" schemaName="msdyn_SalesOmniChannel.SalesPhoneNumberControl" displayName="msdyn_SalesOmniChannel.SalesPhoneNumberControl" solution="msdyn_SalesOmniChannel (9.1.24114.10003)">
          <package appName="msdyn_AcceleratedSales" version="9.1.24114.10003">msdyn_AcceleratedSalesAnchor (9.1.24114.10003)</package>
        </Required>
        <Dependent type="60" displayName="Account" parentDisplayName="Account" id="{8448b78f-8f42-454e-8e2a-f8196b0419af}" />
      </MissingDependency>
    </MissingDependencies>
  </SolutionManifest>
</ImportExportXml>