{"name":"1f935b7f-43df-4565-a1f1-e12d7828e4da","id":"/providers/Microsoft.Flow/flows/1f935b7f-43df-4565-a1f1-e12d7828e4da","type":"Microsoft.Flow/flows","properties":{"apiId":"/providers/Microsoft.PowerApps/apis/shared_logicflows","displayName":"When I receive an email with an attachment send a teams notification (rdu)","definition":{"metadata":{"workflowEntityId":null,"processAdvisorMetadata":null,"flowChargedByPaygo":false,"flowclientsuspensionreason":"None","flowclientsuspensiontime":null,"flowclientsuspensionreasondetails":null,"creator":{"id":"d2947b98-cca2-45d2-a50f-81d6abec3a8b","type":"User","tenantId":"4ae9c97c-d931-4a4c-8ceb-a0fca15da4ec"},"provisioningMethod":"FromDefinition","failureAlertSubscription":true,"clientLastModifiedTime":"2025-01-20T19:14:58.2461131Z","connectionKeySavedTimeKey":"2025-01-20T19:14:58.2461131Z"},"$schema":"https://schema.management.azure.com/providers/Microsoft.Logic/schemas/2016-06-01/workflowdefinition.json#","contentVersion":"1.0.0.0","parameters":{"$authentication":{"defaultValue":{},"type":"SecureObject"},"$connections":{"defaultValue":{},"type":"Object"}},"triggers":{"When_a_new_email_arrives":{"splitOn":"@triggerOutputs()?['body/value']","type":"OpenApiConnectionNotification","inputs":{"parameters":{"includeAttachments":true,"fetchOnlyWithAttachment":true},"host":{"apiId":"/providers/Microsoft.PowerApps/apis/shared_office365","connectionName":"shared_office365","operationId":"OnNewEmailV3"},"authentication":"@parameters('$authentication')"}}},"actions":{"Post_message_in_a_chat_or_channel":{"runAfter":{},"type":"OpenApiConnection","inputs":{"parameters":{"poster":"Flow bot","location":"Chat with Flow bot","body/recipient":"Rafal.Dudzinski@xplusglobal.com","body/messageBody":"<p class=\"editor-paragraph\">Hej, dostałeś wiadomość z załącznikiem.</p>"},"host":{"apiId":"/providers/Microsoft.PowerApps/apis/shared_teams","connectionName":"shared_teams","operationId":"PostMessageToConversation"},"authentication":"@parameters('$authentication')"}}},"outputs":{}},"connectionReferences":{"shared_office365":{"connectionName":"shared-office365-42ac09fe-fc7c-42f4-89b9-da1c74a1ff31","source":"Embedded","id":"/providers/Microsoft.PowerApps/apis/shared_office365","tier":"NotSpecified","apiName":"office365"},"shared_teams":{"connectionName":"shared-teams-f125c92e-c984-4c90-a239-19227b779606","source":"Embedded","id":"/providers/Microsoft.PowerApps/apis/shared_teams","tier":"NotSpecified","apiName":"teams"}},"flowFailureAlertSubscribed":false,"isManaged":false}}