{"name":"1aad74fa-ddf2-4893-9bbf-21db4881757c","id":"/providers/Microsoft.Flow/flows/1aad74fa-ddf2-4893-9bbf-21db4881757c","type":"Microsoft.Flow/flows","properties":{"apiId":"/providers/Microsoft.PowerApps/apis/shared_logicflows","displayName":"(rdu) Call FinOps OData Raw REST","definition":{"metadata":{"workflowEntityId":null,"processAdvisorMetadata":null,"flowChargedByPaygo":null,"flowclientsuspensionreason":"None","flowclientsuspensiontime":null,"flowclientsuspensionreasondetails":null,"creator":{"id":"d2947b98-cca2-45d2-a50f-81d6abec3a8b","type":"User","tenantId":"4ae9c97c-d931-4a4c-8ceb-a0fca15da4ec"},"provisioningMethod":"FromDefinition","failureAlertSubscription":true,"clientLastModifiedTime":"2025-01-17T00:01:57.582686Z","connectionKeySavedTimeKey":"2025-01-17T00:01:57.582686Z"},"$schema":"https://schema.management.azure.com/providers/Microsoft.Logic/schemas/2016-06-01/workflowdefinition.json#","contentVersion":"undefined","parameters":{"$authentication":{"defaultValue":{},"type":"SecureObject"},"$connections":{"defaultValue":{},"type":"Object"}},"triggers":{"manual":{"type":"Request","kind":"Button","inputs":{"schema":{"type":"object","properties":{},"required":[]}}}},"actions":{"Get_entra_request":{"runAfter":{},"metadata":{"b!CAbldLF3TUe3R9LH_9FtzwKqyt3dF-pHgweYkFN5Qkeb0wJN6KjmQ4o7lKVsit91.01L3KBEVUD3U2JG64KKJE2CA7RXJI2T22E":"/Trainings/entra_request.txt"},"type":"OpenApiConnection","inputs":{"parameters":{"id":"b!CAbldLF3TUe3R9LH_9FtzwKqyt3dF-pHgweYkFN5Qkeb0wJN6KjmQ4o7lKVsit91.01L3KBEVUD3U2JG64KKJE2CA7RXJI2T22E","inferContentType":true},"host":{"apiId":"/providers/Microsoft.PowerApps/apis/shared_onedriveforbusiness","connectionName":"shared_onedriveforbusiness","operationId":"GetFileContent"},"authentication":{"value":"@json(decodeBase64(triggerOutputs().headers['X-MS-APIM-Tokens']))['$ConnectionKey']","type":"Raw"}}},"Get_entra_tenant":{"runAfter":{"Get_entra_request":["Succeeded"]},"metadata":{"b!CAbldLF3TUe3R9LH_9FtzwKqyt3dF-pHgweYkFN5Qkeb0wJN6KjmQ4o7lKVsit91.01L3KBEVWYIY6Y544MJRCZZEBA4BKRF3BT":"/Trainings/entra_tenant.txt"},"type":"OpenApiConnection","inputs":{"parameters":{"id":"b!CAbldLF3TUe3R9LH_9FtzwKqyt3dF-pHgweYkFN5Qkeb0wJN6KjmQ4o7lKVsit91.01L3KBEVWYIY6Y544MJRCZZEBA4BKRF3BT","inferContentType":true},"host":{"apiId":"/providers/Microsoft.PowerApps/apis/shared_onedriveforbusiness","connectionName":"shared_onedriveforbusiness","operationId":"GetFileContent"},"authentication":{"value":"@json(decodeBase64(triggerOutputs().headers['X-MS-APIM-Tokens']))['$ConnectionKey']","type":"Raw"}}},"Get_Bearer_token_from_Entra":{"runAfter":{"Get_entra_tenant":["Succeeded"]},"type":"Http","inputs":{"uri":"https://login.microsoftonline.com/@{body('Get_entra_tenant')}/oauth2/token","method":"POST","headers":{"Content-Type":"application/x-www-form-urlencoded"},"body":"@body('Get_entra_request')"}},"Call_OData_as_raw_REST":{"runAfter":{"Get_Bearer_token_from_Entra":["Succeeded"]},"type":"Http","inputs":{"uri":"https://rdu-trn-dv-integr2e7c7ec1ffd40c73devaos.axcloud.dynamics.com/data/CustomersV3?$filter=CustomerGroupId%20eq%20%2710%27&ataAreaId%20eq%20%27USMF%27&$top=5","method":"GET","headers":{"Authorization":"Bearer @{body('Get_Bearer_token_from_Entra').access_token}"}}}}},"connectionReferences":{"shared_onedriveforbusiness":{"connectionName":"shared-onedriveforbu-930afb85-8f9f-42a2-83e4-93f0b0591809","source":"Invoker","id":"/providers/Microsoft.PowerApps/apis/shared_onedriveforbusiness","tier":"NotSpecified","apiName":"onedriveforbusiness"}},"flowFailureAlertSubscribed":false,"isManaged":false}}