{"name":"0d1751aa-72d8-4d55-aef4-b03c215e0f36","id":"/providers/Microsoft.Flow/flows/0d1751aa-72d8-4d55-aef4-b03c215e0f36","type":"Microsoft.Flow/flows","properties":{"apiId":"/providers/Microsoft.PowerApps/apis/shared_logicflows","displayName":"Block out my Office 365 calendar for an hour","definition":{"metadata":{"workflowEntityId":null,"processAdvisorMetadata":null,"flowChargedByPaygo":null,"flowclientsuspensionreason":"None","flowclientsuspensiontime":null,"flowclientsuspensionreasondetails":null,"creator":{"id":"d2947b98-cca2-45d2-a50f-81d6abec3a8b","type":"User","tenantId":"4ae9c97c-d931-4a4c-8ceb-a0fca15da4ec"},"provisioningMethod":"FromDefinition","failureAlertSubscription":true,"clientLastModifiedTime":"2024-12-18T13:11:04.3703843Z","connectionKeySavedTimeKey":"2024-12-18T13:11:04.3703843Z"},"$schema":"https://schema.management.azure.com/providers/Microsoft.Logic/schemas/2016-06-01/workflowdefinition.json#","contentVersion":"1.0.0.0","parameters":{"$authentication":{"defaultValue":{},"type":"SecureObject"},"$connections":{"defaultValue":{},"type":"Object"}},"triggers":{"manual":{"metadata":{"operationMetadataId":"7df3d675-c2a2-454c-8e56-1c93b45ba3f8"},"type":"Request","kind":"Button","inputs":{"schema":{"type":"object","properties":{"text":{"title":"Message","type":"string","x-ms-dynamically-added":true,"description":"Hi","x-ms-content-hint":"TEXT"}},"required":["text"]},"headersSchema":{"x-ms-user-timestamp":{"title":"Timestamp","type":"string","x-ms-dynamically-added":false}}}}},"actions":{"Create_event_(V4)":{"runAfter":{},"metadata":{"operationMetadataId":"5c172159-48a7-40d9-86ba-2ec061f6884d"},"type":"OpenApiConnection","inputs":{"parameters":{"table":"AAMkAGQ5NDY1Mzg4LWExN2YtNDkwMS1iOGU3LWU4N2RhYWMwYjhjYQBGAAAAAAARcxII4upaTLDqvOubGEnVBwB9BT3TquuhRqObPQJZtuF-AAAAAAEGAAD96gpW9xc3TYUR14Qr0Vk3AAACED1YAAA=","item/subject":"block out","item/start":"@triggerOutputs()?['headers']?['x-ms-user-timestamp']","item/end":"@addHours(triggerOutputs()?['headers']?['x-ms-user-timestamp'], 1)","item/timeZone":"(UTC-12:00) International Date Line West"},"host":{"apiId":"/providers/Microsoft.PowerApps/apis/shared_office365","connectionName":"shared_office365","operationId":"V4CalendarPostItem"},"authentication":{"value":"@json(decodeBase64(triggerOutputs().headers['X-MS-APIM-Tokens']))['$ConnectionKey']","type":"Raw"}}},"Get_my_profile_(V2)":{"runAfter":{"Create_event_(V4)":["Succeeded"]},"type":"OpenApiConnection","inputs":{"host":{"apiId":"/providers/Microsoft.PowerApps/apis/shared_office365users","connectionName":"shared_office365users","operationId":"MyProfile_V2"},"authentication":{"value":"@json(decodeBase64(triggerOutputs().headers['X-MS-APIM-Tokens']))['$ConnectionKey']","type":"Raw"}}},"Get_manager_(V2)":{"runAfter":{"Get_my_profile_(V2)":["Succeeded"]},"type":"OpenApiConnection","inputs":{"parameters":{"id":"@outputs('Get_my_profile_(V2)')?['body/userPrincipalName']"},"host":{"apiId":"/providers/Microsoft.PowerApps/apis/shared_office365users","connectionName":"shared_office365users","operationId":"Manager_V2"},"authentication":{"value":"@json(decodeBase64(triggerOutputs().headers['X-MS-APIM-Tokens']))['$ConnectionKey']","type":"Raw"}}},"Send_an_email_(V2)":{"runAfter":{"Get_manager_(V2)":["Succeeded"]},"type":"OpenApiConnection","inputs":{"parameters":{"emailMessage/To":"axcademytester@gmail.com","emailMessage/Subject":"New blocking event in calendar of user @{outputs('Get_my_profile_(V2)')?['body/displayName']} was created","emailMessage/Body":"<p class=\"editor-paragraph\">Start date: @{triggerOutputs()?['headers']?['x-ms-user-timestamp']}</p><p class=\"editor-paragraph\">End date: @{addHours(triggerOutputs()?['headers']?['x-ms-user-timestamp'], 1)}</p><p class=\"editor-paragraph\">Manager name: @{outputs('Get_manager_(V2)')?['body/displayName']}</p>","emailMessage/Importance":"Normal"},"host":{"apiId":"/providers/Microsoft.PowerApps/apis/shared_office365","connectionName":"shared_office365","operationId":"SendEmailV2"},"authentication":{"value":"@json(decodeBase64(triggerOutputs().headers['X-MS-APIM-Tokens']))['$ConnectionKey']","type":"Raw"}}}},"outputs":{}},"connectionReferences":{"shared_office365":{"connectionName":"shared-office365-5d86398b-e4db-4e98-86e8-56424b7f4046","source":"Invoker","id":"/providers/Microsoft.PowerApps/apis/shared_office365","tier":"NotSpecified"},"shared_office365users":{"connectionName":"shared-office365user-fb5aad4e-b3e6-41c9-a125-d8f767b8950a","source":"Invoker","id":"/providers/Microsoft.PowerApps/apis/shared_office365users","tier":"NotSpecified"}},"flowFailureAlertSubscribed":false,"isManaged":false}}