{"name":"abe34ff0-c34b-4a41-b7ef-dff83394fcc5","id":"/providers/Microsoft.Flow/flows/abe34ff0-c34b-4a41-b7ef-dff83394fcc5","type":"Microsoft.Flow/flows","properties":{"apiId":"/providers/Microsoft.PowerApps/apis/shared_logicflows","displayName":"Send a \"Working from home today \"email to your colleagues","definition":{"metadata":{"workflowEntityId":null,"processAdvisorMetadata":null,"flowChargedByPaygo":null,"flowclientsuspensionreason":"None","flowclientsuspensiontime":null,"flowclientsuspensionreasondetails":null,"creator":{"id":"d2947b98-cca2-45d2-a50f-81d6abec3a8b","type":"User","tenantId":"4ae9c97c-d931-4a4c-8ceb-a0fca15da4ec"},"provisioningMethod":"FromDefinition","failureAlertSubscription":true,"clientLastModifiedTime":"2024-12-18T10:33:29.8215769Z","connectionKeySavedTimeKey":"2024-12-18T10:33:29.8215769Z"},"$schema":"https://schema.management.azure.com/providers/Microsoft.Logic/schemas/2016-06-01/workflowdefinition.json#","contentVersion":"1.0.0.0","parameters":{"$authentication":{"defaultValue":{},"type":"SecureObject"},"$connections":{"defaultValue":{},"type":"Object"}},"triggers":{"manual":{"type":"Request","kind":"Button","inputs":{"schema":{"type":"object","properties":{"location":{"type":"object","properties":{"fullAddress":{"title":"Full address","type":"string","x-ms-dynamically-added":false},"address":{"type":"object","properties":{"countryOrRegion":{"title":"Country/Region","type":"string","x-ms-dynamically-added":false},"city":{"title":"City","type":"string","x-ms-dynamically-added":false},"state":{"title":"State","type":"string","x-ms-dynamically-added":false},"street":{"title":"Street","type":"string","x-ms-dynamically-added":false},"postalCode":{"title":"Postal code","type":"string","x-ms-dynamically-added":false}},"required":["countryOrRegion","city","state","street","postalCode"]},"coordinates":{"type":"object","properties":{"latitude":{"title":"Latitude","type":"number","x-ms-dynamically-added":false},"longitude":{"title":"Longitude","type":"number","x-ms-dynamically-added":false}},"required":["latitude","longitude"]}}},"key-button-date":{"title":"Date","type":"string","x-ms-dynamically-added":false}},"required":["location","key-button-date"]}}}},"actions":{"Get_my_profile":{"runAfter":{},"type":"OpenApiConnection","inputs":{"host":{"apiId":"/providers/Microsoft.PowerApps/apis/shared_office365users","connectionName":"shared_office365users","operationId":"MyProfile_V2"},"authentication":{"value":"@json(decodeBase64(triggerOutputs().headers['X-MS-APIM-Tokens']))['$ConnectionKey']","type":"Raw"}}},"Get_manager_":{"runAfter":{"Get_my_profile":["Succeeded"]},"type":"OpenApiConnection","inputs":{"parameters":{"id":"@outputs('Get_my_profile')?['body/userPrincipalName']"},"host":{"apiId":"/providers/Microsoft.PowerApps/apis/shared_office365users","connectionName":"shared_office365users","operationId":"Manager_V2"},"authentication":{"value":"@json(decodeBase64(triggerOutputs().headers['X-MS-APIM-Tokens']))['$ConnectionKey']","type":"Raw"}}},"Get_direct_reports":{"runAfter":{"Get_manager_":["Succeeded"]},"type":"OpenApiConnection","inputs":{"parameters":{"id":"@outputs('Get_manager_')?['body/mail']"},"host":{"apiId":"/providers/Microsoft.PowerApps/apis/shared_office365users","connectionName":"shared_office365users","operationId":"DirectReports_V2"},"authentication":{"value":"@json(decodeBase64(triggerOutputs().headers['X-MS-APIM-Tokens']))['$ConnectionKey']","type":"Raw"}}},"Apply_to_each":{"foreach":"@outputs('Get_direct_reports')?['body/value']","actions":{"Send_an_email":{"type":"OpenApiConnection","inputs":{"parameters":{"emailMessage/To":"axcademytester@gmail.com","emailMessage/Subject":"WFH @{triggerBody()?['key-button-date']}","emailMessage/Body":"<p class=\"editor-paragraph\">Working from home (@{triggerBody()?['location']?['address']?['city']}, @{triggerBody()?['location']?['address']?['postalCode']}) today, available by any means.<br>@{items('Apply_to_each')?['mail']}</p>"},"host":{"apiId":"/providers/Microsoft.PowerApps/apis/shared_office365","connectionName":"shared_office365","operationId":"SendEmailV2"},"authentication":{"value":"@json(decodeBase64(triggerOutputs().headers['X-MS-APIM-Tokens']))['$ConnectionKey']","type":"Raw"}}}},"runAfter":{"Get_direct_reports":["Succeeded"]},"type":"Foreach"},"Send_me_a_mobile_notification":{"runAfter":{"Apply_to_each":["Succeeded"]},"type":"OpenApiConnection","inputs":{"parameters":{"NotificationDefinition/notificationText":"WFH email was sent successfully!"},"host":{"apiId":"/providers/Microsoft.PowerApps/apis/shared_flowpush","connectionName":"shared_flowpush","operationId":"SendNotification"},"authentication":{"value":"@json(decodeBase64(triggerOutputs().headers['X-MS-APIM-Tokens']))['$ConnectionKey']","type":"Raw"}}}},"outputs":{}},"connectionReferences":{"shared_office365users":{"connectionName":"shared-office365user-fb5aad4e-b3e6-41c9-a125-d8f767b8950a","source":"Invoker","id":"/providers/Microsoft.PowerApps/apis/shared_office365users","tier":"NotSpecified"},"shared_office365":{"connectionName":"shared-office365-5d86398b-e4db-4e98-86e8-56424b7f4046","source":"Invoker","id":"/providers/Microsoft.PowerApps/apis/shared_office365","tier":"NotSpecified"},"shared_flowpush":{"connectionName":"shared-flowpush-70f8ecb8-3e10-46e4-9383-00adfe6a5135","source":"Invoker","id":"/providers/Microsoft.PowerApps/apis/shared_flowpush","tier":"NotSpecified"}},"flowFailureAlertSubscribed":false,"isManaged":false}}