{"name":"f29f5997-323f-46be-ba0d-f18abe52c6b3","id":"/providers/Microsoft.Flow/flows/f29f5997-323f-46be-ba0d-f18abe52c6b3","type":"Microsoft.Flow/flows","properties":{"apiId":"/providers/Microsoft.PowerApps/apis/shared_logicflows","displayName":"002_OutlookAttachmentsToSharepoint","definition":{"metadata":{"workflowEntityId":null,"processAdvisorMetadata":null,"flowChargedByPaygo":null,"flowclientsuspensionreason":"None","flowclientsuspensiontime":null,"flowclientsuspensionreasondetails":null,"creator":{"id":"d2947b98-cca2-45d2-a50f-81d6abec3a8b","type":"User","tenantId":"4ae9c97c-d931-4a4c-8ceb-a0fca15da4ec"},"provisioningMethod":"FromDefinition","failureAlertSubscription":true,"clientLastModifiedTime":"2024-12-16T17:39:33.2791014Z","connectionKeySavedTimeKey":"2024-12-16T17:39:33.2791014Z"},"$schema":"https://schema.management.azure.com/providers/Microsoft.Logic/schemas/2016-06-01/workflowdefinition.json#","contentVersion":"1.0.0.0","parameters":{"$authentication":{"defaultValue":{},"type":"SecureObject"},"$connections":{"defaultValue":{},"type":"Object"}},"triggers":{"When_a_new_email_arrives_(V3)":{"splitOn":"@triggerOutputs()?['body/value']","metadata":{"Id::AAMkAGQ5NDY1Mzg4LWExN2YtNDkwMS1iOGU3LWU4N2RhYWMwYjhjYQAuAAAAAAARcxII4upaTLDqvOubGEnVAQB9BT3TquuhRqObPQJZtuF-AAAAAAEMAAA=":"Inbox","operationMetadataId":"1d46a908-2c19-4cd5-bc1d-adb3627e27ae"},"type":"OpenApiConnectionNotification","inputs":{"parameters":{"subjectFilter":"Daily report","fetchOnlyWithAttachment":true,"folderPath":"Id::AAMkAGQ5NDY1Mzg4LWExN2YtNDkwMS1iOGU3LWU4N2RhYWMwYjhjYQAuAAAAAAARcxII4upaTLDqvOubGEnVAQB9BT3TquuhRqObPQJZtuF-AAAAAAEMAAA="},"host":{"apiId":"/providers/Microsoft.PowerApps/apis/shared_office365","connectionName":"shared_office365","operationId":"OnNewEmailV3"},"authentication":"@parameters('$authentication')"}}},"actions":{"For_each":{"foreach":"@triggerOutputs()?['body/attachments']","actions":{"Get_Attachment_(V2)":{"type":"OpenApiConnection","inputs":{"parameters":{"messageId":"@triggerOutputs()?['body/id']","attachmentId":"@item()?['id']"},"host":{"apiId":"/providers/Microsoft.PowerApps/apis/shared_office365","connectionName":"shared_office365","operationId":"GetAttachment_V2"},"authentication":"@parameters('$authentication')"}},"Create_file":{"runAfter":{"Get_Attachment_(V2)":["Succeeded"]},"type":"OpenApiConnection","inputs":{"parameters":{"dataset":"https://xpluspl.sharepoint.com/sites/dio","folderPath":"/Shared Documents/DemoFolder","name":"@item()?['name']","body":"@outputs('Get_Attachment_(V2)')?['body/contentBytes']"},"host":{"apiId":"/providers/Microsoft.PowerApps/apis/shared_sharepointonline","connectionName":"shared_sharepointonline","operationId":"CreateFile"},"authentication":"@parameters('$authentication')"},"runtimeConfiguration":{"contentTransfer":{"transferMode":"Chunked"}}}},"runAfter":{},"metadata":{"operationMetadataId":"33a78149-b8d1-41f0-a620-948f572b2e1c"},"type":"Foreach"}},"outputs":{}},"connectionReferences":{"shared_office365":{"connectionName":"shared-office365-5d86398b-e4db-4e98-86e8-56424b7f4046","source":"Embedded","id":"/providers/Microsoft.PowerApps/apis/shared_office365","tier":"NotSpecified"},"shared_sharepointonline":{"connectionName":"shared-sharepointonl-3c04598b-b515-4899-b4fe-364ba4e05fcf","source":"Embedded","id":"/providers/Microsoft.PowerApps/apis/shared_sharepointonline","tier":"NotSpecified"}},"flowFailureAlertSubscribed":false,"isManaged":false}}